N,Hmax,obs_count,placement,cover_enabled,poison_rate,accuracy,total_guesses,correct_guesses,total_messages,dummy_messages,dummy_fraction,graph_precision,graph_recall,graph_f1,estimated_nodes,estimated_edges,avg_confidence,total_replies,avg_reply_delay,conversation_threads,avg_path_length,path_diversity
150,3,5,cluster,False,0.0,0.025331030512377662,1737,44,10137,0,0.0,0.7894736842105263,0.003809040121889284,0.0075815011372251705,20,19,0.3979122425708098,5533,2.2782271109673244,3659,2.7022787807043502,0.8858636677518004
75,1,10,cluster,True,0.1,0.057803468208092484,1557,90,5704,1115,0.19547685834502104,0.8513513513513513,0.13166144200626959,0.22805429864253393,57,148,0.41529015021520665,2208,2.0597864768683274,1100,2.9107643758765778,0.7824333800841514
100,3,10,high-degree,True,0.05,0.03588516746411483,2508,90,8201,2027,0.24716497988050237,0.8993288590604027,0.07795229784758581,0.14346895074946467,78,149,0.393077044693408,3170,2.143919277748274,1898,2.8266065114010486,0.8130715766369955
400,1,5,random,True,0.05,0.01044397116644823,24416,255,63787,34263,0.537147067584304,0.8,0.0014029672757882921,0.0028010223731662056,52,50,0.36361919458136904,17184,2.526148409893993,24808,2.581074513615627,0.8652703528932227
400,3,10,cluster,False,0.0,0.01994415636218588,5014,100,29492,0,0.0,0.8666666666666667,0.000455964364631195,0.0009114492042347332,23,15,0.32689127465180895,17152,2.560511061161718,15529,2.5983317509833177,0.9368981418689815
100,2,5,random,True,0.05,0.03825586178527355,2431,93,8259,2026,0.24530814868628162,0.8656716417910447,0.03374054682955206,0.06494960806270995,50,67,0.39878868997309236,3229,2.106350025813113,1909,2.838237074706381,0.8138999878919966
75,2,10,high-degree,True,0.05,0.04548366431774504,1561,71,5682,1148,0.20204153467089053,0.888235294117647,0.15778474399164055,0.2679680567879325,70,170,0.4081504466404994,2153,1.8718135469774217,1100,2.942801830341429,0.7873988032382964
200,1,10,cluster,False,0.0,0.029801324503311258,2416,72,14045,0,0.0,0.875,0.004949095022624434,0.00984251968503937,43,40,0.4047557173861609,7903,2.406562718175471,5768,2.6447134211463155,0.901815592737629
300,2,5,high-degree,True,0.1,0.009932903565320353,15202,151,41090,19282,0.46926259430518374,0.9743589743589743,0.002369225014028306,0.004726956089065804,43,39,0.37285670197763837,12795,2.493371933566966,14785,2.582818203942565,0.8595522024823558
150,2,10,cluster,True,0.05,0.028991596638655463,4760,138,14673,4544,0.30968445444012815,0.9022556390977443,0.03047232097511427,0.05895357406042741,88,133,0.37875462717675773,5525,2.2691190706679576,4096,2.68465889729435,0.8389559054044844
100,1,10,random,True,0.1,0.03821399839098954,2486,95,8260,2003,0.24249394673123487,0.9166666666666666,0.07678883071553229,0.14170692431561996,78,144,0.39318038179611503,3253,2.132085020242915,1905,2.836924939467312,0.8177966101694916
400,2,10,random,True,0.1,0.00970472847408631,24215,235,63442,33921,0.5346773430850226,0.8434782608695652,0.003402195643786609,0.006777055823377349,112,115,0.37429843066566143,17181,2.5560004710870334,24888,2.57710980107815,0.8644588758235869
75,3,10,high-degree,False,0.0,0.06919060052219321,766,53,4557,0,0.0,0.9411764705882353,0.10031347962382445,0.18130311614730876,59,102,0.40167604365540827,2176,2.0329188002926117,1054,2.938994952819838,0.8183015141540487
400,2,10,cluster,True,0.05,0.010609213694046599,24507,260,63935,34310,0.5366387737545945,0.970873786407767,0.0035074181894707308,0.006989585517578808,88,103,0.36451141043980606,17285,2.5626753975678205,24848,2.5814342691796357,0.8661922264800188
75,1,5,random,True,0.05,0.04866969500324465,1541,75,5655,1125,0.1989389920424403,0.8588235294117647,0.07628004179728318,0.14011516314779268,55,85,0.41209911042326663,2149,2.0029806259314458,1108,2.935632183908046,0.7932802829354554
100,3,5,random,True,0.1,0.02832415420928403,2542,72,8418,2129,0.2529104300308862,0.8333333333333334,0.03781268179173938,0.07234279354479689,58,78,0.38745594623998814,3285,2.128024193548387,1910,2.8365407460204324,0.813376098835828
100,3,5,cluster,True,0.1,0.03340040241448692,2485,83,8222,1991,0.24215519338360497,0.8714285714285714,0.035485747527632346,0.06819452207937396,49,70,0.4059428458064359,3227,2.2131484334874165,1894,2.8325225006081247,0.8134273899294575
300,3,10,cluster,True,0.05,0.010795603245223764,15284,165,41200,19357,0.46983009708737866,0.9009009009009009,0.006234802668495542,0.01238390092879257,90,111,0.3684721884343785,12830,2.4623396226415095,14781,2.586650485436893,0.8617718446601942
150,1,10,cluster,False,0.0,0.04018109790605546,1767,71,10236,0,0.0,0.9787234042553191,0.011681056373793804,0.023086574654956084,42,47,0.3933338542416193,5632,2.3695514845230576,3610,2.705939820242282,0.8876514263384134
400,1,10,high-degree,True,0.1,0.0088208747025519,24374,215,63704,34300,0.5384277282431245,0.9285714285714286,0.00273578618778717,0.005455499213149152,80,84,0.3742746342686271,17064,2.5453788509575355,24891,2.579853698354891,0.8649535350998367
400,1,10,high-degree,False,0.0,0.019115890083632018,5022,96,29412,0,0.0,0.9047619047619048,0.0006664094559994388,0.001331837936352166,28,21,0.32938048163560535,17072,2.54778972520908,15580,2.6031211750305996,0.9382224942200462
400,2,5,random,False,0.0,0.013178913738019169,5008,66,29391,0,0.0,1.0,0.0005261127284206095,0.0010516721587323845,19,15,0.34289218508059194,17051,2.553938665063139,15656,2.5977340002041442,0.9374978734986901
50,2,10,high-degree,False,0.0,0.09777777777777778,450,44,2736,0,0.0,0.9175257731958762,0.21394230769230768,0.3469785575048733,47,97,0.42441024772694946,1168,1.7982233502538072,476,2.9791666666666665,0.7602339181286549
400,1,10,cluster,True,0.1,0.010387040929887474,24261,252,63322,33836,0.5343482517924261,0.9363636363636364,0.0036126407351548527,0.007197512316131511,83,110,0.3716517096064259,17146,2.572412973743614,24834,2.5812355895265466,0.8679289978206627
300,2,5,random,False,0.0,0.018878101402373247,3708,70,21651,0,0.0,0.9,0.0005611322401645988,0.0011215652065549254,15,10,0.3444849080694812,12638,2.527987421383648,10504,2.60477576093483,0.9295644542977229
200,3,10,cluster,True,0.05,0.015428289311281165,8102,125,23075,8871,0.38444203683640304,0.8888888888888888,0.013574660633484163,0.026740947075208917,83,108,0.3769040099924581,8062,2.3927347498286498,7060,2.6226218851570966,0.8407367280606717
300,3,10,cluster,True,0.1,0.012157852777039596,15052,183,40463,18727,0.4628178830042261,0.8591549295774648,0.007606459255564561,0.015079414127680614,98,142,0.37618906982590644,12723,2.4856617083269437,14732,2.5868571287348936,0.8638014976645331
300,2,5,high-degree,True,0.05,0.012364554942498171,15043,186,40858,19092,0.4672769102746096,0.8,0.002493921067398217,0.0049723413512337625,52,50,0.3554416408474399,12753,2.5086943258084196,14703,2.584781438151647,0.8604434871995692
75,2,10,random,False,0.0,0.06887755102040816,784,54,4592,0,0.0,0.9130434782608695,0.0877742946708464,0.1601525262154433,59,92,0.4010322204578166,2211,2.0298295454545454,1073,2.9446864111498257,0.8299216027874564
50,1,10,cluster,True,0.1,0.07439024390243902,820,61,3263,511,0.15660435182347532,0.7983193277310925,0.2283653846153846,0.3551401869158879,48,119,0.43424514133729775,1184,1.7970112079701122,489,2.9656757585044438,0.7235672693840024
75,2,10,random,True,0.1,0.047588424437299034,1555,74,5652,1099,0.19444444444444445,0.8518518518518519,0.14420062695924765,0.24664879356568364,70,162,0.4173278452917699,2172,2.0570592538405266,1102,2.93170559094126,0.7937013446567587
75,2,10,high-degree,True,0.1,0.05118362124120281,1563,80,5723,1143,0.19972042634981654,0.8888888888888888,0.1588296760710554,0.2695035460992908,71,171,0.4075567832149634,2199,2.011502516175413,1105,2.919972042634982,0.7859514240782807
150,3,5,random,True,0.1,0.02577319587628866,4850,125,14937,4751,0.318069224074446,0.9090909090909091,0.017775520568816656,0.0348692403486924,71,77,0.3844908226114266,5582,2.2895408163265305,4145,2.6880899779072105,0.8319609024569861
300,2,5,cluster,True,0.05,0.011918951132300357,15102,180,40565,18874,0.4652779489707876,0.8813559322033898,0.003242097387617682,0.006460429867064232,54,59,0.3622891683958322,12678,2.535185185185185,14670,2.586318254653026,0.8622457783803772
150,1,10,high-degree,True,0.05,0.021095334685598377,4930,104,14997,4771,0.3181302927252117,0.9071428571428571,0.03224987303199594,0.0622854340362923,94,140,0.3804077451134098,5622,2.2871099905452255,4169,2.685737147429486,0.8385010335400414
150,3,10,random,True,0.05,0.022035256410256412,4992,110,15014,4864,0.3239642999866791,0.8451612903225807,0.03326561706449974,0.06401172733935988,103,155,0.38470750388582103,5546,2.316060508529128,4145,2.6886239509790864,0.8336219528440123
150,2,5,cluster,False,0.0,0.03444316877152698,1742,60,10191,0,0.0,0.9523809523809523,0.005078720162519045,0.010103561505430663,24,21,0.4139802918376428,5587,2.2860338766379034,3647,2.700520066725542,0.8817584142871161
200,3,10,random,True,0.05,0.016047510740459944,7914,127,22650,8608,0.3800441501103753,0.9171597633136095,0.021917420814479636,0.04281176633061731,122,169,0.3810903245862427,7900,2.3776733254994125,7039,2.617130242825607,0.8428256070640177
100,2,10,high-degree,True,0.05,0.033690051525961155,2523,85,8364,2124,0.2539454806312769,0.8954248366013072,0.07969749854566609,0.14636752136752137,81,153,0.3975431007223982,3236,2.086888657648283,1921,2.8266379722620756,0.8113342898134863
100,1,10,cluster,False,0.0,0.04830053667262969,1118,54,6306,0,0.0,0.922077922077922,0.04130308318789994,0.07906458797327394,54,77,0.3942841222398992,3302,2.206808943089431,1819,2.8420551855375833,0.8545829368855059
100,2,5,high-degree,False,0.0,0.05648148148148148,1080,61,6296,0,0.0,0.9545454545454546,0.02443280977312391,0.0476460578559274,39,44,0.3853561632991585,3292,2.155837563451777,1827,2.855304955527319,0.8565756035578145
50,3,5,high-degree,False,0.0,0.0876068376068376,468,41,2764,0,0.0,0.8787878787878788,0.13942307692307693,0.24066390041493776,41,66,0.4125175317489278,1196,1.85679012345679,490,2.968523878437048,0.7604920405209841
75,1,10,cluster,False,0.0,0.08751608751608751,777,68,4586,0,0.0,0.8504672897196262,0.09508881922675026,0.17105263157894737,61,107,0.4024921514237538,2205,1.9383416017009214,1074,2.938508504143044,0.8203227213257741
100,2,10,high-degree,False,0.0,0.04806786050895382,1061,51,6189,0,0.0,0.9605263157894737,0.04246655031995346,0.08133704735376045,59,76,0.4013523400698326,3185,2.1563829787234043,1780,2.843755049280982,0.8560349006301503
100,1,10,random,True,0.05,0.035183737294761534,2558,90,8368,2132,0.25478011472275336,0.8880597014925373,0.06922629435718441,0.12844036697247707,77,134,0.39287936784801464,3232,2.0873586844809866,1911,2.8301864244741872,0.8056883365200764
400,3,10,high-degree,True,0.1,0.0090458843272891,24431,221,63982,34345,0.5367915976368354,0.9425287356321839,0.002876082915365999,0.00573466675991328,88,87,0.36964970629908167,17297,2.584332440926551,24852,2.5791941483542247,0.8647900972148417
200,3,5,random,True,0.1,0.018855740668991348,7743,146,22402,8432,0.3763949647352915,0.925531914893617,0.012302036199095022,0.024281328495674017,81,94,0.38030053371789574,7828,2.4143672692673643,6970,2.6202124810284797,0.8477814480849925
75,3,10,cluster,True,0.05,0.055916775032509754,1538,86,5643,1070,0.18961545277334751,0.875,0.14629049111807732,0.2506714413607878,65,160,0.41404907425112103,2192,2.0696338837042356,1107,2.933545986177565,0.7960304802410065
400,1,5,random,True,0.1,0.009302516187197771,24402,227,63586,34122,0.5366275595256818,0.859375,0.0019290800042089018,0.0038495188101487316,64,64,0.3592481091927034,17124,2.5472772570886226,24764,2.5786965684270124,0.8661340546661215
400,1,10,random,False,0.0,0.017334130304841603,5019,87,29459,0,0.0,1.0,0.00091192872926239,0.0018221957458737776,35,26,0.34582758259946844,17119,2.5654619435136428,15605,2.599613021487491,0.9384228928341084
75,2,10,high-degree,False,0.0,0.04780361757105943,774,37,4559,0,0.0,0.9439252336448598,0.10553814002089865,0.1898496240601504,60,107,0.4012668021752971,2178,2.0159074475777294,1072,2.94033779337574,0.825400307084887
75,3,5,high-degree,True,0.1,0.041666666666666664,1512,63,5538,1043,0.18833513903936439,0.9310344827586207,0.08463949843260188,0.15517241379310345,57,87,0.4069488985939462,2114,2.019534184823441,1091,2.9310220296135787,0.78602383531961
200,2,5,random,True,0.05,0.01621552604698672,7832,127,22416,8437,0.37638294075660245,0.9178082191780822,0.009473981900452488,0.018754373687893632,66,73,0.37397359440216493,7837,2.418285172903837,7005,2.6240185581727338,0.846047466095646
150,1,5,random,True,0.1,0.028488251195674778,4809,137,14762,4612,0.3124237908142528,0.855072463768116,0.014982224479431183,0.02944846518592463,61,69,0.38021109951870746,5546,2.306832694763729,4116,2.6870342771982116,0.8404010296707763
50,3,10,random,False,0.0,0.07575757575757576,462,35,2758,0,0.0,0.883495145631068,0.21875,0.3506743737957611,48,103,0.4156617136981953,1190,1.7546012269938651,477,2.97643219724438,0.752356780275562
400,3,10,cluster,True,0.05,0.008719745741993317,24542,214,64027,34494,0.5387414684430006,0.8898305084745762,0.003682789098944267,0.007335219532641726,99,118,0.3577852299398583,17193,2.5189068205913534,24941,2.57981788932794,0.8678213878519999
200,2,5,random,False,0.0,0.028465346534653466,2424,69,14005,0,0.0,1.0,0.002828054298642534,0.0056401579244218835,22,20,0.3438470789944788,7863,2.4481042654028435,5763,2.643413066761871,0.9068903962870404
150,3,10,high-degree,True,0.1,0.023625254582484725,4910,116,14899,4718,0.3166655480233573,0.916083916083916,0.03326561706449974,0.06419995099240382,100,143,0.3754723961041897,5577,2.2996470965672122,4131,2.6780992012886773,0.8287804550640983
75,1,5,cluster,False,0.0,0.06459948320413436,774,50,4507,0,0.0,0.9375,0.047021943573667714,0.08955223880597014,35,48,0.4122037656261223,2126,2.0,1065,2.946083869536277,0.8298202795651209
150,3,5,cluster,True,0.1,0.023775067190407277,4837,115,14950,4720,0.3157190635451505,0.8735632183908046,0.019299136617572373,0.03776397515527951,60,87,0.3769274263851417,5626,2.2470144563167818,4100,2.6795986622073578,0.8315050167224081
200,1,10,random,True,0.1,0.020023403978676375,7691,154,22273,8192,0.3677995779643515,0.92,0.01626131221719457,0.03195776017785189,96,125,0.38483731253879955,7939,2.344707520891365,7003,2.617339379517802,0.8460467831006151
150,3,10,cluster,True,0.05,0.022589753933037516,4958,112,15073,4821,0.31984342864725007,0.8717948717948718,0.03453529710512951,0.06643869076697607,91,156,0.3859236697320524,5648,2.2958990536277604,4157,2.685331387248723,0.8356000796125522
150,3,10,high-degree,True,0.05,0.025734549138804456,4935,127,15022,4831,0.3215949940087871,0.881578947368421,0.0340274250888776,0.06552567237163814,107,152,0.38931691058626017,5587,2.3262342691190705,4145,2.6788709892158167,0.8313806417254693
100,3,5,cluster,True,0.05,0.04412338930105428,2561,113,8350,2118,0.25365269461077844,0.8780487804878049,0.041884816753926704,0.07995558023320377,50,82,0.37950953088698025,3228,2.238269030239833,1905,2.838562874251497,0.8136526946107785
50,1,10,high-degree,True,0.1,0.06778770362585392,1903,129,4926,2186,0.4437677628907836,0.810126582278481,0.3076923076923077,0.44599303135888496,50,158,0.4541119941642509,1172,1.7635220125786164,491,2.959196102314251,0.6532683719041819
400,3,5,random,True,0.1,0.009430510954839235,24601,232,64547,35087,0.5435883929539715,0.9183673469387755,0.0015783381852618288,0.0031512605042016803,52,49,0.3569152574925555,17120,2.5468417317246272,25029,2.5802128681425938,0.8659581390304739
50,3,5,cluster,True,0.05,0.06934306569343066,822,57,3215,466,0.14494556765163297,0.8028169014084507,0.13701923076923078,0.23408624229979466,41,71,0.424883101749156,1181,1.8790931989924433,487,2.979160186625194,0.7340590979782271
200,1,5,cluster,True,0.05,0.018674852903555896,7818,146,22374,8355,0.3734245105926522,0.9253731343283582,0.008766968325791855,0.017369379464911055,58,67,0.37467669506733603,7877,2.454224523417275,6982,2.619692500223474,0.8474121748458031
50,3,10,high-degree,False,0.0,0.09641255605381166,446,43,2761,0,0.0,0.9081632653061225,0.21394230769230768,0.3463035019455252,49,98,0.41357704868910955,1193,1.7834158415841583,481,2.9739224918507787,0.7627671133647229
150,1,5,cluster,True,0.05,0.024628536535721553,4913,121,14963,4830,0.32279623070239927,0.8939393939393939,0.014982224479431183,0.02947052947052947,60,66,0.38626147519509224,5529,2.311470113085622,4133,2.6875626545478846,0.8329880371583238
200,1,5,random,True,0.1,0.018553818782564492,7869,146,22507,8473,0.376460656684587,0.8904109589041096,0.009191176470588236,0.01819454163750875,61,73,0.37162483025105253,7892,2.4388758782201405,7008,2.614697649620118,0.8380948149464611
150,1,10,random,True,0.1,0.021853500607041682,4942,108,14960,4820,0.32219251336898397,0.8538461538461538,0.0281868969019807,0.05457227138643068,93,130,0.3886335861360798,5536,2.300064391500322,4152,2.682553475935829,0.8356283422459893
200,3,5,cluster,True,0.1,0.015850515463917525,7760,123,22337,8298,0.37149124770560055,0.845360824742268,0.01159502262443439,0.022876272841400477,73,97,0.36313131274160365,7897,2.3938612933458296,7029,2.624345256748892,0.8466221963558221
100,2,10,cluster,True,0.1,0.04066615027110767,2582,105,8471,2213,0.26124424507142013,0.8771929824561403,0.08726003490401396,0.15873015873015872,72,171,0.38792018203670176,3254,2.1785350966429298,1897,2.8267028686105538,0.806870499350726
300,2,10,high-degree,False,0.0,0.023249599144842332,3742,87,21564,0,0.0,1.0,0.0018704408005486626,0.0037338975667434186,38,30,0.3381996936938068,12551,2.504846655013507,10521,2.602902986458913,0.9280281951400482
300,3,5,high-degree,True,0.1,0.011559573781078462,15485,179,42014,20178,0.4802684819345932,0.8771929824561403,0.003117401334247771,0.006212723658051689,56,57,0.3654265526676563,12823,2.522063298843579,14897,2.58292473937259,0.8569524444232874
100,1,10,high-degree,True,0.1,0.03793929712460064,2504,95,8293,2048,0.24695526347522007,0.8674698795180723,0.08376963350785341,0.15278514588859418,80,166,0.3915240165260684,3241,2.1856995884773665,1928,2.8379356083443867,0.8159893886410226
300,2,10,cluster,True,0.05,0.011910245443179574,15197,181,40971,19080,0.4656952478582412,0.9140625,0.007294719122139784,0.014473928372610873,102,128,0.3755019663443473,12878,2.5015128593040847,14742,2.5843401430279953,0.861902321153987
100,3,10,cluster,False,0.0,0.05215004574565416,1093,57,6261,0,0.0,0.9620253164556962,0.04421175101803374,0.08453837597330367,58,79,0.40056728982525935,3257,2.1687054026503567,1791,2.846350423255071,0.8455518287813448
150,2,5,random,True,0.05,0.02368421052631579,4940,117,14947,4819,0.3224058339466114,0.953125,0.015490096495683088,0.030484757621189407,59,64,0.385537867849644,5524,2.324612403100775,4129,2.672041212283401,0.8317388104636382
75,1,5,random,True,0.1,0.04788909892879647,1587,76,5734,1169,0.2038716428322288,0.8426966292134831,0.07836990595611286,0.14340344168260039,59,89,0.41135316155680207,2184,2.0626801152737753,1103,2.9363446110917337,0.7912452040460412
100,1,10,high-degree,True,0.05,0.03821656050955414,2512,96,8385,2056,0.24519976147883124,0.8662790697674418,0.0866783013379872,0.15758857747223692,86,172,0.3972760627884393,3325,2.1910167818361304,1901,2.8443649373881934,0.815742397137746
100,1,5,random,True,0.1,0.03613006824568447,2491,90,8269,2013,0.24343935179586407,0.8333333333333334,0.04072134962187318,0.07764836383804771,66,84,0.38866088562358153,3252,2.2141772151898733,1888,2.839279235699601,0.816785584713992
75,3,5,random,True,0.05,0.04983164983164983,1485,74,5627,1034,0.18375688644037674,0.8554216867469879,0.0741901776384535,0.13653846153846153,60,83,0.40397514949659913,2212,1.924822695035461,1101,2.92909187844322,0.7936733605829038
150,1,10,high-degree,True,0.1,0.02286180853235354,4899,112,15035,4840,0.321915530428999,0.8581081081081081,0.03224987303199594,0.062163485070974064,99,148,0.3832122016701265,5591,2.3099265879348865,4147,2.6818756235450616,0.8343864316594612
100,1,10,random,False,0.0,0.05519779208831647,1087,60,6247,0,0.0,0.8961038961038961,0.04013961605584642,0.07683741648106904,57,77,0.40134644114468465,3243,2.1244877049180326,1797,2.845685929246038,0.8546502321114134
300,3,5,cluster,True,0.1,0.012498355479542166,15202,190,41088,19258,0.46870132398753894,0.8771929824561403,0.003117401334247771,0.006212723658051689,49,57,0.3594778747650549,12817,2.5202980082104305,14733,2.583235981308411,0.8613950545171339
200,3,10,cluster,False,0.0,0.03663613655287261,2402,88,14037,0,0.0,0.9772727272727273,0.006080316742081448,0.012085441259134345,46,44,0.36867403125279735,7895,2.4322642412637627,5782,2.640378998361473,0.9051079290446676
200,2,10,cluster,True,0.05,0.018595300917200654,7959,148,22749,8612,0.3785660908171788,0.9076923076923077,0.01668552036199095,0.032768675367953345,79,130,0.36930432363597543,7995,2.3791915480018373,7076,2.6272803200140666,0.8512901666007296
400,1,10,cluster,False,0.0,0.0161959312660478,5063,82,29512,0,0.0,1.0,0.0010872996387359265,0.0021722374045266626,38,31,0.33793246707473024,17172,2.578211959739491,15562,2.6010097587422067,0.9386351314719437
50,2,5,cluster,True,0.1,0.060836501901140684,789,48,3194,453,0.14182842830306824,0.835820895522388,0.1346153846153846,0.2318840579710145,39,67,0.4263826840341585,1173,1.7859824780976221,485,2.971509079524108,0.7351283656856606
75,3,5,cluster,True,0.05,0.051147540983606556,1525,78,5704,1137,0.19933380084151472,0.7777777777777778,0.06583072100313479,0.12138728323699421,44,81,0.3987223302759054,2186,1.987133666904932,1105,2.9225105189340814,0.7868162692847125
300,1,10,random,False,0.0,0.018796992481203006,3724,70,21541,0,0.0,0.9285714285714286,0.001621048693808841,0.0032364473766104437,35,28,0.34540562573132744,12528,2.49456778460085,10410,2.60419664825217,0.9264193862866162
300,1,10,random,True,0.1,0.012984431931103014,15095,196,40476,18850,0.46570807392034785,0.8739495798319328,0.006484194775235364,0.012872880306968686,106,119,0.3734356518137078,12613,2.4786551993745114,14763,2.5853839312185,0.8637464176302007
150,1,5,high-degree,True,0.1,0.02353663528448629,4886,115,14875,4740,0.31865546218487395,0.9016393442622951,0.013966480446927373,0.027506876719179795,55,61,0.37074850445641966,5531,2.268300548210255,4138,2.68127731092437,0.8338151260504202
400,2,10,random,True,0.05,0.00942093722082352,24626,232,65050,35499,0.5457186779400461,0.9224137931034483,0.0037529374627336817,0.007475460229852936,106,116,0.3632155060013841,17211,2.5461393596986817,25049,2.576664104534973,0.8606764027671022
100,3,10,high-degree,True,0.1,0.03346613545816733,2510,84,8346,2021,0.2421519290678169,0.8354430379746836,0.07678883071553229,0.14064997336174748,90,158,0.3938680577675386,3321,2.122754491017964,1919,2.8253055355859096,0.8085310328300982
150,3,10,cluster,False,0.0,0.036290322580645164,1736,63,10207,0,0.0,0.8913043478260869,0.010411376333164043,0.02058232931726908,46,46,0.39266889819345924,5603,2.2558437399935958,3636,2.6997158812579602,0.8865484471441167
300,2,5,random,True,0.05,0.010991869918699188,15375,169,41033,19319,0.4708161723490849,0.9468085106382979,0.005548974374961033,0.011033285811690323,80,94,0.38243679493523597,12701,2.5495550782448606,14733,2.5847976019301537,0.8590890259059781
100,3,5,high-degree,False,0.0,0.05130513051305131,1111,57,6310,0,0.0,0.9705882352941176,0.019197207678883072,0.037649743297204795,38,34,0.39536115266139943,3306,2.189568706118355,1807,2.8391442155309035,0.8475435816164818
75,3,10,high-degree,True,0.1,0.04423676012461059,1605,71,5744,1151,0.20038300835654596,0.8941176470588236,0.1588296760710554,0.26974267968056787,73,170,0.4095025029624579,2212,2.0549215406562054,1101,2.9336699164345403,0.7902158774373259
200,2,10,high-degree,True,0.1,0.02143394334419654,7978,171,22752,8667,0.38093354430379744,0.8951612903225806,0.015695701357466063,0.03085047248471373,104,124,0.3758684176099312,7943,2.4201307800093415,7031,2.6210882559774964,0.8471782700421941
200,1,10,random,False,0.0,0.026881720430107527,2418,65,14083,0,0.0,0.8857142857142857,0.004383484162895928,0.008723793443084283,41,35,0.36419641422129434,7941,2.3611433883337205,5740,2.63729319037137,0.9039267201590571
150,3,5,random,False,0.0,0.029226361031518624,1745,51,10248,0,0.0,0.9259259259259259,0.0063484002031488065,0.012610340479192938,29,27,0.39080607960754754,5644,2.2639451542536615,3627,2.702673692427791,0.8884660421545667
150,2,10,high-degree,True,0.05,0.02307850813929528,4853,112,14782,4654,0.3148423758625355,0.8903225806451613,0.03504316912138141,0.06743220131932567,101,155,0.3849382183076567,5524,2.2911392405063293,4119,2.687322419158436,0.8368285752942768
150,1,10,high-degree,False,0.0,0.030796048808832074,1721,53,10193,0,0.0,0.94,0.011934992381919756,0.02357071213640923,48,50,0.40054722261850356,5589,2.193672099712368,3682,2.70469930344354,0.8875699009123909
75,2,5,cluster,False,0.0,0.07170294494238157,781,56,4573,0,0.0,0.9302325581395349,0.04179728317659352,0.08,31,43,0.42307034521570364,2192,2.029850746268657,1066,2.9472993658429916,0.8206866389678548
300,2,10,random,True,0.05,0.011823436678928009,15224,180,40674,18973,0.4664650636770418,0.8450704225352113,0.0074817632021946506,0.014832210617390767,129,142,0.36951380114679366,12688,2.554207497277959,14799,2.583689826424743,0.8612381373850617
75,2,5,high-degree,False,0.0,0.05672823218997362,758,43,4559,0,0.0,0.9122807017543859,0.054336468129571575,0.10256410256410255,45,57,0.40858909537845595,2178,2.019047619047619,1091,2.957885501206405,0.8275937705637201
200,1,5,random,False,0.0,0.027545909849749584,2396,66,14018,0,0.0,0.9473684210526315,0.0025452488687782806,0.005076857989000141,21,19,0.3840928080288884,7876,2.3616123740332786,5725,2.6374661149950063,0.9067627336281924
50,1,5,cluster,True,0.1,0.07820646506777894,1918,150,4909,2173,0.4426563454878794,0.7901234567901234,0.15384615384615385,0.2575452716297787,44,81,0.4442877059968956,1168,1.8553299492385786,485,2.9476471786514566,0.6453452841719292
400,2,10,cluster,False,0.0,0.017173312277931306,5066,87,29411,0,0.0,0.9333333333333333,0.0004910385465259023,0.0009815606814835588,23,15,0.33663552515673456,17071,2.570335843193498,15532,2.596273503111081,0.9361123389208119
300,1,10,cluster,True,0.05,0.012566137566137565,15120,190,40528,18818,0.46432096328464273,0.898989898989899,0.005548974374961033,0.011029867393729086,79,99,0.36724006694411454,12697,2.485400896029662,14728,2.5835965258586655,0.8609849980260561
50,2,5,random,True,0.1,0.07098381070983811,803,57,3253,485,0.14909314478942515,0.8360655737704918,0.12259615384615384,0.21383647798742136,41,61,0.4289523198994805,1200,1.821561338289963,492,2.964340608668921,0.7331693821088227
200,2,10,random,True,0.1,0.0208846802438708,7709,161,22328,8260,0.36993908993192404,0.9274193548387096,0.01626131221719457,0.03196220122290161,107,124,0.3756136454796532,7926,2.386448598130841,7006,2.6151916875671803,0.8426191329272662
100,2,5,random,True,0.1,0.031683168316831684,2525,80,8321,2094,0.2516524456195169,0.9024390243902439,0.04304828388598022,0.08217656857301497,61,82,0.3981409786027135,3223,2.138501291989664,1906,2.8458118014661697,0.819012137964187
75,1,5,high-degree,True,0.1,0.04041720990873533,1534,62,5628,1089,0.19349680170575692,0.8902439024390244,0.07628004179728318,0.14051973051010588,57,82,0.39726198868251805,2158,2.029992684711046,1095,2.9243070362473347,0.7921108742004265
200,1,5,random,True,0.05,0.01608242241487624,7959,128,22960,8842,0.38510452961672476,0.85,0.009615384615384616,0.019015659955257273,77,80,0.37227771049464936,7976,2.4183983189353255,7068,2.6229094076655053,0.8463850174216028
50,2,10,cluster,True,0.05,0.0690505548705302,811,56,3239,475,0.146650200679222,0.8110236220472441,0.24759615384615385,0.3793738489871087,46,127,0.4274502053991556,1196,1.8508014796547472,492,2.956468045693115,0.7239888854584748
150,2,10,cluster,True,0.1,0.019604111153406927,5254,103,15640,5453,0.34865728900255755,0.8870056497175142,0.039867953275774505,0.07630619684082625,89,177,0.38384914966265804,5583,2.354766474728087,4192,2.6898337595907926,0.828772378516624
200,2,10,cluster,True,0.1,0.01983575489576753,7915,157,22620,8570,0.378868258178603,0.8357142857142857,0.016544117647058824,0.0324459234608985,93,140,0.37569695131761077,7908,2.394109396914446,7032,2.6206012378426173,0.8438107869142352
150,2,10,random,False,0.0,0.03810623556581986,1732,66,10200,0,0.0,0.9821428571428571,0.013966480446927373,0.027541311967951926,51,56,0.3951842929624558,5596,2.2715695638331743,3614,2.707254901960784,0.8897058823529411
150,1,5,random,True,0.05,0.026688564976390886,4871,130,14793,4629,0.31291827215574936,0.8392857142857143,0.011934992381919756,0.02353530295443165,54,56,0.38696470431075164,5560,2.3267994858611827,4132,2.6790373825457987,0.835530318393835
300,3,10,high-degree,True,0.05,0.011547049441786283,15675,181,42455,20687,0.48726887292427273,0.856,0.0066712388552902305,0.01323929720366246,115,125,0.3676857559226526,12755,2.496620583717358,15031,2.5849487692851256,0.856883759274526
150,2,5,high-degree,True,0.1,0.022203776717161238,4819,107,14781,4614,0.31215749949259186,0.9285714285714286,0.013204672422549517,0.02603905858788182,51,56,0.385935724566973,5563,2.255836264790534,4138,2.6828360733373926,0.8393884040322035
300,1,10,high-degree,True,0.1,0.011186867015290924,15107,169,40626,18887,0.46489932555506325,0.8728813559322034,0.0064218467485504084,0.012749891687813332,104,118,0.36560408007205913,12726,2.492964280191743,14678,2.5818441392211886,0.8595726874415399
200,3,5,cluster,True,0.05,0.018587840454369432,7747,144,22326,8167,0.3658066827913643,0.927536231884058,0.00904977375565611,0.017924660411707045,50,69,0.38127114890325137,8017,2.420407218880148,7031,2.615694705724268,0.8487861685926722
150,3,5,cluster,True,0.05,0.024483243026289386,4983,122,15068,4895,0.32486063180249536,0.9090909090909091,0.012696800406297613,0.02504382669671926,45,55,0.3685378038614795,5569,2.3160422670509124,4154,2.685558800106185,0.835280063711176
150,2,10,random,True,0.1,0.02141157811260904,5044,108,15125,4930,0.3259504132231405,0.9111111111111111,0.031234128999492128,0.060397741222685986,90,135,0.3909463934401704,5591,2.251821349382325,4144,2.6801322314049587,0.8282314049586776
100,1,5,cluster,True,0.05,0.04370282081843464,2517,110,8285,2109,0.25455642727821365,0.8552631578947368,0.03781268179173938,0.0724233983286908,49,76,0.39238567078230396,3172,2.1871035940803383,1902,2.8383826191913095,0.812190706095353
75,1,10,high-degree,False,0.0,0.05952380952380952,756,45,4527,0,0.0,0.9204545454545454,0.08463949843260188,0.15502392344497606,56,88,0.4098370499225531,2146,1.9585454545454546,1055,2.9436713055003314,0.8290258449304175
75,3,10,random,True,0.1,0.05259781911481719,1559,82,5642,1133,0.20081531371853953,0.8,0.13793103448275862,0.2352941176470588,73,165,0.40054322452028984,2128,2.0358744394618835,1099,2.9065934065934065,0.7818149592343141
150,3,10,random,False,0.0,0.038636363636363635,1760,68,10219,0,0.0,0.9122807017543859,0.013204672422549517,0.026032540675844807,54,57,0.40200674607593545,5615,2.2608142493638677,3683,2.6984049319894314,0.887855954594383
300,2,10,high-degree,True,0.05,0.011602466352847576,15083,175,40693,18849,0.46320005897820266,0.8623853211009175,0.0058607145083858095,0.01164230864503344,99,109,0.36781399428695605,12831,2.520103959639199,14652,2.588209274322365,0.8630722728724842
400,2,5,high-degree,True,0.05,0.010109380178985748,24136,244,63222,33867,0.5356837809623233,0.9310344827586207,0.0009470029111570972,0.00189208128941836,30,29,0.3570319575860823,17015,2.554416497794731,24770,2.581522254911265,0.865790389421404
50,2,5,high-degree,True,0.1,0.07759699624530664,799,62,3213,455,0.14161220043572983,0.8133333333333334,0.1466346153846154,0.2484725050916497,45,75,0.42868336600836215,1190,1.7712177121771218,487,2.951447245564893,0.7370059134765017
150,2,5,random,True,0.1,0.020227560050568902,4746,96,14591,4380,0.30018504557604003,0.8904109589041096,0.016505840528186898,0.032410870107205184,68,73,0.3861785216129935,5607,2.3390749601275918,4100,2.6853539853334247,0.8375711054759784
100,3,5,random,False,0.0,0.036211699164345405,1077,39,6271,0,0.0,0.9772727272727273,0.02501454333915067,0.04878048780487805,39,44,0.37862586832730566,3267,2.1379310344827585,1799,2.839100621910381,0.8580768617445383
300,1,5,random,True,0.05,0.011653170057278294,15189,177,40957,19085,0.4659765119515589,0.8275862068965517,0.00299270528087786,0.005963844194570417,57,58,0.365212647814481,12859,2.5376036171816128,14773,2.585296774666113,0.8587543032936983
200,1,10,cluster,True,0.05,0.018752391886720246,7839,147,22614,8431,0.37282214557353854,0.8466666666666667,0.01795814479638009,0.035170312932705616,104,150,0.3779330898744833,8041,2.433432973097264,7035,2.6283718050765015,0.8493411161227559
50,2,10,high-degree,True,0.1,0.08020050125313283,798,64,3210,449,0.13987538940809968,0.8321167883211679,0.27403846153846156,0.4122965641952984,49,137,0.4300670099234705,1193,1.8978829389788294,491,2.971651090342679,0.7314641744548287
50,3,5,random,True,0.1,0.07598039215686274,816,62,3284,482,0.14677222898903775,0.8428571428571429,0.14182692307692307,0.24279835390946503,41,70,0.4309490539265346,1234,1.831764705882353,487,2.976857490864799,0.7326431181485993
150,3,10,high-degree,False,0.0,0.03650057937427578,1726,63,10180,0,0.0,0.9607843137254902,0.01244286439817166,0.024567560792178488,51,51,0.39524188158019713,5576,2.2559256886611148,3616,2.7026522593320235,0.8849705304518664
300,3,10,high-degree,True,0.1,0.01144661535425301,15201,174,41155,19281,0.4684971449398615,0.8854166666666666,0.005299582268221211,0.010536101642392314,90,96,0.3603098790840525,12861,2.5101765938341813,14831,2.585420969505528,0.8619122828331915
300,2,10,random,True,0.1,0.01279947489333771,15235,195,40964,19281,0.4706815740650327,0.8888888888888888,0.00598541056175572,0.011890753700377779,94,108,0.3703489810999378,12670,2.501077918078226,14716,2.5833170588809686,0.8606581388536276
200,2,5,random,True,0.1,0.019320539419087138,7712,149,22233,8267,0.37183466018980793,0.9142857142857143,0.00904977375565611,0.01792215065807897,65,70,0.36769289991186926,7824,2.377286766452839,6998,2.622363153870373,0.8461296271308415
200,1,10,high-degree,True,0.05,0.016036655211912942,7857,126,22401,8360,0.37319762510602206,0.9389312977099237,0.017392533936651584,0.034152436484797995,105,131,0.3778207456375346,7899,2.4078330206378986,7027,2.6266684523012365,0.8519708941565108
75,1,10,high-degree,True,0.1,0.05342465753424658,1460,78,5565,1051,0.18885893980233603,0.88,0.13793103448275862,0.23848238482384826,67,150,0.4064627392705837,2133,1.9895444361463779,1099,2.9236298292902068,0.7859838274932615
400,1,10,random,True,0.1,0.008834717166346272,24449,216,64315,34807,0.5411956775246832,0.9318181818181818,0.004314124373048999,0.008588485842963378,118,132,0.380097730436737,17168,2.5627715795654726,24946,2.580626603436212,0.8648060328072766
100,2,10,random,True,0.1,0.04055118110236221,2540,103,8357,2063,0.2468589206653105,0.8354430379746836,0.07678883071553229,0.14064997336174748,92,158,0.40037476292064644,3290,2.13917004048583,1906,2.833433050137609,0.8171592676797894
100,1,5,cluster,False,0.0,0.04411764705882353,1088,48,6266,0,0.0,0.9285714285714286,0.015125072716695753,0.02976531196336577,26,28,0.39927202870074,3262,2.207211782630777,1796,2.8426428343440793,0.8501436323013086
50,1,10,high-degree,False,0.0,0.07608695652173914,460,35,2734,0,0.0,0.8878504672897196,0.2283653846153846,0.3632887189292543,47,107,0.4245892884546553,1166,1.8518518518518519,480,2.9762253108997805,0.7589612289685442
200,1,5,high-degree,True,0.05,0.01562106324011086,7938,124,22607,8623,0.3814305303667006,0.9365079365079365,0.008342760180995475,0.016538192011212333,56,63,0.38198701400571283,7842,2.4474304573314476,7047,2.61595965851285,0.8484540186667846
100,1,5,random,True,0.05,0.03669354838709677,2480,91,8307,2056,0.24750210665703623,0.8536585365853658,0.04072134962187318,0.07773459189339256,62,82,0.38531107920923496,3247,2.1128702757916242,1897,2.833032382328157,0.8099193451306127
400,2,5,random,True,0.05,0.009761699684180305,24381,238,63555,34098,0.5365116827944301,0.9545454545454546,0.0014731156395777069,0.0029416914725967427,46,44,0.37136985698389396,17117,2.5668093200190203,24876,2.5786798835654157,0.8652348359688459
75,2,10,cluster,True,0.1,0.05436893203883495,1545,84,5690,1101,0.19349736379613358,0.8980891719745223,0.14733542319749215,0.25314183123877915,68,157,0.41913298785763603,2208,2.0121515368120084,1108,2.9402460456942006,0.7992970123022847
150,3,5,high-degree,True,0.1,0.027147487844408427,4936,134,14926,4764,0.31917459466702397,0.8493150684931506,0.01574403250380904,0.03091498379456495,65,73,0.3820707817679709,5558,2.3490083173384515,4143,2.690004019831167,0.8355219080798606
75,1,10,random,True,0.1,0.056921086675291076,1546,88,5658,1107,0.1956521739130435,0.8313253012048193,0.14420062695924765,0.24577025823686555,72,166,0.40623613921337537,2170,2.0114860014357503,1097,2.933545422410746,0.7887946270767056
400,3,10,cluster,True,0.1,0.009018158183369216,24617,222,64005,34541,0.5396609639871885,0.8888888888888888,0.0028059345515765843,0.005594209992657599,80,90,0.3662497612396094,17124,2.609327036599764,25052,2.581970158581361,0.8668385282399812
400,1,10,cluster,True,0.05,0.008814400993171942,24165,213,63479,33930,0.5345074749129634,0.9203539823008849,0.00364771491704956,0.0072666294019005035,90,113,0.373389456545149,17209,2.5730046948356806,24727,2.5798137966886685,0.8655145796247578
300,1,5,cluster,False,0.0,0.025066666666666668,3750,94,21643,0,0.0,0.9473684210526315,0.0011222644803291976,0.0022418732096151452,19,19,0.3432026427512736,12630,2.518360914105595,10451,2.599500993392783,0.9281522894238322
400,2,5,random,True,0.1,0.007831499113804048,24261,190,63453,34096,0.5373426000346714,0.9027777777777778,0.002279821823155975,0.004548157996011615,68,72,0.38478331016610556,17017,2.533717302615791,24816,2.5799252990402346,0.8678707074527603
50,2,10,cluster,False,0.0,0.09663865546218488,476,46,2767,0,0.0,0.8020833333333334,0.18509615384615385,0.30078125000000006,41,96,0.4158396426958386,1199,1.9042944785276075,486,2.9974701843151426,0.7708709794000723
300,1,5,random,False,0.0,0.02181431231710561,3759,82,21651,0,0.0,1.0,0.0004987842134796434,0.000997071103633078,13,8,0.3573407527152733,12638,2.5291063561988674,10497,2.604406262990162,0.9281788370052192
150,2,5,high-degree,True,0.05,0.024355300859598854,4886,119,14843,4735,0.31900559186148353,0.8524590163934426,0.013204672422549517,0.02600650162540635,53,61,0.3755121270209351,5504,2.293471234647705,4119,2.6817354982146466,0.8336589638213299
400,2,5,cluster,True,0.05,0.00893173322840842,25415,227,69112,39719,0.5747048269475634,0.9078947368421053,0.0024201185507348043,0.004827369083849302,68,76,0.3645254092997879,17053,2.539655996177735,25789,2.5771790716518117,0.8539182775784234
100,2,10,cluster,False,0.0,0.055503292568203196,1063,59,6203,0,0.0,0.9710144927536232,0.038976148923792905,0.0749440715883669,46,69,0.3993400598562086,3199,2.1327757449032934,1788,2.8292761566983717,0.8470095115266807
150,1,10,cluster,True,0.05,0.02782855982124721,4923,137,14899,4768,0.32002147795154035,0.8970588235294118,0.030980192991366177,0.059891998036327936,77,136,0.38318144567305423,5527,2.3099320608217404,4135,2.6869588562990803,0.8358279079132828
400,3,5,cluster,True,0.1,0.009078640657588026,24453,222,63980,34435,0.5382150672085027,0.8695652173913043,0.0014029672757882921,0.0028014147144307874,41,46,0.36403138460041184,17205,2.553771691653878,25005,2.5816348859018445,0.8676773991872461
75,3,10,random,True,0.05,0.05294506949040371,1511,80,5623,1110,0.19740352125200072,0.8409090909090909,0.11598746081504702,0.20385674931129477,68,132,0.41072879682786323,2132,1.9611069558713539,1093,2.9333096211986485,0.7897919260181397
400,1,5,random,False,0.0,0.0172311348781937,5049,87,29629,0,0.0,0.8823529411764706,0.0005261127284206095,0.0010515984296130118,21,17,0.3468601911475119,17289,2.5396341463414633,15564,2.598163960984171,0.9375274224577272
200,3,10,high-degree,True,0.05,0.018737800910865323,7685,144,22266,8244,0.370250606305578,0.952,0.016826923076923076,0.033069334444907596,98,125,0.37544202333476157,7880,2.3565583352817394,6987,2.6265157639450285,0.8477499326327136
200,2,10,high-degree,False,0.0,0.022812111157196183,2411,55,13909,0,0.0,1.0,0.005656108597285068,0.01124859392575928,45,40,0.36147824290540875,7767,2.410138248847926,5781,2.643396362067726,0.9063915450427781
400,3,10,high-degree,False,0.0,0.01770791882212495,5026,89,29452,0,0.0,1.0,0.0009470029111570972,0.0018922138902515942,36,27,0.3295372843097955,17112,2.577005988023952,15544,2.5983973923672417,0.9384082575037349
200,1,5,cluster,False,0.0,0.02309278350515464,2425,56,14044,0,0.0,0.9333333333333333,0.0019796380090497737,0.003950896006772965,19,15,0.33939575078715145,7902,2.3951057258256117,5777,2.6457561948162915,0.9042295642267161
300,1,5,high-degree,True,0.1,0.012719124818768947,15174,193,41062,19214,0.4679265500949783,0.896551724137931,0.003242097387617682,0.006460831210784618,58,58,0.3633390063525346,12835,2.4968764284625933,14817,2.5827529102333058,0.861940480249379
50,3,5,cluster,False,0.0,0.09719222462203024,463,45,2761,0,0.0,0.9387755102040817,0.11057692307692307,0.1978494623655914,29,49,0.4095630797068444,1193,1.7530864197530864,486,2.979355306048533,0.7653024266570083
400,1,5,cluster,False,0.0,0.01633215269578906,5082,83,29602,0,0.0,0.875,0.0004910385465259023,0.0009815262733550672,19,16,0.36741340468354866,17262,2.5651506202008267,15622,2.6029660158097427,0.9378420377001554
75,2,5,random,True,0.05,0.050195567144719684,1534,77,5705,1071,0.18773006134969325,0.8604651162790697,0.07732497387669801,0.14189837008628955,51,86,0.41424646844630514,2253,1.9972337482710927,1097,2.9284837861524977,0.7898334794040316
200,3,5,high-degree,True,0.05,0.015666794038975928,7851,123,22374,8316,0.37168141592920356,0.9454545454545454,0.007352941176470588,0.014592395117160095,58,55,0.37087269004343,7916,2.431947069943289,7029,2.621793152766604,0.8490211853043711
50,3,10,cluster,False,0.0,0.06753812636165578,459,31,2738,0,0.0,0.8604651162790697,0.1778846153846154,0.2948207171314741,43,86,0.42129988967031534,1170,1.792929292929293,486,2.9634769905040175,0.7626004382761139
100,2,5,high-degree,True,0.05,0.02857142857142857,2415,69,8175,1942,0.23755351681957187,0.946236559139785,0.051192553810354854,0.09713024282560707,63,93,0.39976273051887856,3229,2.1080246913580245,1904,2.8404892966360857,0.8157798165137614
50,3,5,cluster,True,0.1,0.06508135168961202,799,52,3205,456,0.1422776911076443,0.7611940298507462,0.12259615384615384,0.21118012422360247,40,67,0.4235950522056315,1181,1.814214463840399,487,2.9510140405616223,0.7257410296411857
50,3,10,high-degree,True,0.1,0.08951406649616368,782,70,3200,423,0.1321875,0.8409090909090909,0.2668269230769231,0.4051094890510949,50,132,0.4301242821434072,1209,1.826086956521739,489,2.966875,0.739375
200,2,10,high-degree,True,0.05,0.01659105638366818,7715,128,22185,8114,0.3657426188866351,0.9560439560439561,0.012302036199095022,0.024291497975708502,81,91,0.37679161196031963,7929,2.4168228678537957,7059,2.618390804597701,0.8488618435880099
200,2,10,cluster,False,0.0,0.03566984653670676,2411,86,13970,0,0.0,0.9,0.005090497737556561,0.010123734533183352,43,40,0.36572433939562987,7828,2.4375148774101403,5765,2.6357909806728705,0.9030780243378669
100,1,5,high-degree,False,0.0,0.04925650557620818,1076,53,6273,0,0.0,1.0,0.02210587550901687,0.043255549231644846,38,38,0.3997972177291501,3269,2.147790756729304,1811,2.8426590148254425,0.8547744300972422
75,1,10,random,False,0.0,0.07152317880794702,755,54,4603,0,0.0,0.9081632653061225,0.09299895506792058,0.1687203791469194,59,98,0.3966299634567845,2222,2.014851485148515,1068,2.947642841625027,0.8209863132739518
50,2,10,cluster,True,0.1,0.08662420382165605,785,68,3211,461,0.14356898162566178,0.8740157480314961,0.2668269230769231,0.4088397790055248,48,127,0.43332108181449136,1182,1.8027812895069533,487,2.9623170351915293,0.7415135471815634
300,1,10,cluster,True,0.1,0.012010030355021777,15154,182,40781,19050,0.4671293004095044,0.9090909090909091,0.0074817632021946506,0.014841382722156947,93,132,0.3694996376680675,12718,2.505716934487021,14807,2.5851254260562517,0.8626566293126701
75,1,10,cluster,True,0.05,0.054510058403634,1541,84,5676,1121,0.1974982381959126,0.8389261744966443,0.13061650992685475,0.2260397830018083,61,149,0.4113697983273556,2174,1.9500723589001447,1096,2.928646934460888,0.7841789992952783
300,1,10,high-degree,True,0.05,0.011056116217779778,15557,172,41516,19761,0.4759851623470469,0.8247422680412371,0.004987842134796434,0.009915716410510658,88,97,0.36800245913930296,12742,2.5118974042027196,14881,2.584015801136911,0.860246651893246
50,2,10,high-degree,True,0.05,0.07822685788787484,767,60,3150,419,0.133015873015873,0.8273381294964028,0.2764423076923077,0.41441441441441446,50,139,0.4266017587668794,1163,1.8775510204081634,488,2.9625396825396826,0.734920634920635
100,3,10,random,True,0.05,0.03901273885350318,2512,98,8260,2021,0.2446731234866828,0.8707482993197279,0.07446189645142524,0.13719185423365488,82,147,0.38558425243835476,3235,2.1944157187176834,1903,2.830508474576271,0.8111380145278451
150,1,10,random,True,0.05,0.026310463468933416,4941,130,15036,4842,0.32202713487629686,0.9202453987730062,0.03809040121889284,0.07315288953913679,117,163,0.38224251552866584,5590,2.285303514376997,4138,2.6793030061186487,0.8311386006916733
50,3,10,random,True,0.05,0.08955223880597014,804,72,3266,489,0.14972443355786896,0.7954545454545454,0.25240384615384615,0.3832116788321167,48,132,0.43197967683985944,1209,1.8383594692400482,488,2.964176362522964,0.7327005511328842
200,1,10,random,True,0.05,0.021169621593014026,7558,160,21881,7979,0.3646542662583977,0.9016393442622951,0.015554298642533937,0.03058103975535168,98,122,0.3776339170966897,7760,2.415043816942551,6977,2.6202641561171793,0.8478131712444587
50,1,5,high-degree,False,0.0,0.06794055201698514,471,32,2768,0,0.0,0.8983050847457628,0.12740384615384615,0.2231578947368421,41,59,0.41802180273567846,1200,1.95593635250918,487,2.9667630057803467,0.75
150,2,10,cluster,False,0.0,0.03168202764976959,1736,55,10133,0,0.0,1.0,0.012696800406297613,0.025075225677031097,47,50,0.3918027982758393,5529,2.2584525357607284,3632,2.6991019441428996,0.88868054870226
75,2,10,cluster,False,0.0,0.06033376123234917,779,47,4607,0,0.0,0.898876404494382,0.08359456635318704,0.15296367112810708,45,89,0.4092983240803101,2226,2.017556179775281,1067,2.9511612763186457,0.8213588018233123
400,1,10,high-degree,True,0.05,0.009622897561376815,24317,234,63600,34082,0.5358805031446541,0.9518072289156626,0.002770860369681877,0.005525634748548646,83,83,0.3558474597401509,17178,2.5367064664854,24861,2.5755503144654086,0.864874213836478
200,2,5,high-degree,False,0.0,0.02329450915141431,2404,56,13933,0,0.0,0.9090909090909091,0.002828054298642534,0.005638567803777841,24,22,0.37888957706945753,7791,2.416845621570031,5727,2.6483169453814686,0.9068398765520707
300,2,10,cluster,False,0.0,0.019425226184140502,3758,73,21705,0,0.0,0.967741935483871,0.0018704408005486626,0.00373366521468575,35,31,0.35057862211291835,12692,2.503186693611068,10372,2.6029025570145126,0.9254088919603778
150,1,5,cluster,False,0.0,0.03227633069082673,1766,57,10225,0,0.0,0.9629629629629629,0.006602336211274758,0.013114754098360656,26,27,0.38098517235517415,5621,2.2963549920760697,3684,2.702591687041565,0.8847921760391199
400,2,10,cluster,True,0.1,0.009270755732141379,24162,224,63079,33614,0.5328873317585885,0.8333333333333334,0.003332047279997194,0.006637554585152839,91,114,0.37719261236935053,17125,2.5530474040632054,24755,2.5795431126048287,0.8649312766530858
200,3,10,high-degree,False,0.0,0.032916666666666664,2400,79,13983,0,0.0,0.9795918367346939,0.006787330316742082,0.013481252633057154,55,49,0.3749988872969791,7841,2.3954883609311257,5822,2.640277479796896,0.9073875420153042
50,1,5,random,False,0.0,0.09382151029748284,437,41,2720,0,0.0,0.8833333333333333,0.12740384615384615,0.22268907563025206,41,60,0.41536281483469645,1152,1.803088803088803,480,2.9988970588235295,0.7702205882352942
400,2,10,high-degree,False,0.0,0.018066309311097876,5037,91,29301,0,0.0,1.0,0.0008067061835782681,0.001612111866545174,31,23,0.32983117161458825,16961,2.5896593673965937,15528,2.6014811781167877,0.9374082795809017
300,2,5,cluster,True,0.1,0.009660883280757098,15216,147,40813,19172,0.4697522848112121,0.7857142857142857,0.0027433131741380385,0.005467536502019261,51,56,0.38797201170426965,12628,2.5219882316506657,14714,2.5824859726067673,0.8581824418690123
400,3,5,cluster,True,0.05,0.009185648968159163,24277,223,63360,33857,0.5343592171717172,0.9076923076923077,0.002069376731787731,0.004129339305711087,63,65,0.38082630685647295,17163,2.5668366741786266,24895,2.5828282828282827,0.8674715909090909
100,3,10,cluster,True,0.05,0.041425020712510356,2414,100,8166,1948,0.23855008572128336,0.8771929824561403,0.08726003490401396,0.15873015873015872,82,171,0.38829212117083517,3214,2.122365038560411,1901,2.836394807739407,0.8144746509919177
75,3,10,high-degree,True,0.05,0.05595315549772284,1537,86,5607,1073,0.19136793294096666,0.8717948717948718,0.14211076280041798,0.24438454627133877,71,156,0.41129513558705544,2153,2.0423791821561337,1093,2.930800784733369,0.7907972177635099
75,3,5,cluster,True,0.1,0.05387647831800263,1522,82,5590,1040,0.18604651162790697,0.8133333333333334,0.06374085684430512,0.1182170542635659,47,75,0.4070551979473266,2169,1.9609826589595376,1088,2.9438282647584972,0.7955277280858676
75,2,5,cluster,True,0.05,0.05447209145931405,1487,81,5569,1090,0.19572634225175076,0.8533333333333334,0.06687565308254964,0.124031007751938,44,75,0.3963564282528896,2098,1.8879508825786646,1098,2.9229664212605493,0.7902675525228946
50,2,5,random,True,0.05,0.07788944723618091,796,62,3212,470,0.14632627646326277,0.7567567567567568,0.1346153846153846,0.2285714285714286,41,74,0.4253072896553354,1174,1.9069182389937107,490,2.9442714819427147,0.7182440846824408
150,2,5,random,False,0.0,0.03392754456584244,1739,59,10181,0,0.0,0.9090909090909091,0.005078720162519045,0.0101010101010101,25,22,0.39150981677913516,5577,2.224071702944942,3655,2.70287790983204,0.8827227187899027
100,1,5,random,False,0.0,0.045987376014427414,1109,51,6271,0,0.0,0.9473684210526315,0.020942408376963352,0.040978941377347755,35,38,0.4073138560882362,3267,2.2083548220732334,1813,2.835432945303779,0.8556848987402328
300,3,5,random,True,0.05,0.01079066117323916,15291,165,40905,19213,0.469698080919203,0.9444444444444444,0.0042396658145769685,0.008441437527155359,70,72,0.3739229425401236,12679,2.5030816640986133,14746,2.588583302774722,0.8646864686468647
300,1,5,high-degree,True,0.05,0.011938526482422003,15161,181,40986,19243,0.469501781095984,0.8983050847457628,0.0033044454143026374,0.006584668902969313,62,59,0.3540071621782546,12730,2.503968253968254,14624,2.5845166642268094,0.8600985702434978
50,2,10,random,False,0.0,0.10514541387024609,447,47,2741,0,0.0,0.8947368421052632,0.20432692307692307,0.3326810176125245,45,95,0.4340655299639289,1173,1.8395989974937343,486,2.976286026997446,0.7639547610361183
200,3,5,random,True,0.05,0.02045069688680474,7677,157,22127,8150,0.3683282867085461,0.8571428571428571,0.007635746606334841,0.015136650315346882,61,63,0.364758051389604,7835,2.46616903443294,6943,2.621593528268631,0.8462963799882497
150,3,5,high-degree,False,0.0,0.035547785547785545,1716,61,10173,0,0.0,0.96,0.006094464195022855,0.01211203633610901,29,25,0.39513840957379287,5569,2.2284069097888675,3659,2.7025459549788655,0.8842032832006291
150,2,5,cluster,True,0.1,0.02329416615130901,4851,113,14840,4669,0.314622641509434,0.9130434782608695,0.02133062468257999,0.04168734491315137,74,92,0.39892729624794926,5567,2.320566462825877,4153,2.687466307277628,0.8372641509433962
100,1,10,high-degree,False,0.0,0.05332086061739944,1069,57,6273,0,0.0,0.9545454545454546,0.03664921465968586,0.07058823529411765,55,66,0.3972327942488324,3269,2.144905273937532,1803,2.8377172007014186,0.8566873904033158
400,3,5,high-degree,False,0.0,0.016112989854784165,5027,81,29404,0,0.0,0.9285714285714286,0.000455964364631195,0.0009114811568799298,17,14,0.33117179343388553,17064,2.567117710453838,15530,2.5983879744252483,0.9377975785607401
100,2,10,random,True,0.05,0.040686078978859196,2507,102,8334,2031,0.24370050395968323,0.9,0.07853403141361257,0.14446227929373998,79,150,0.387721035353077,3299,2.147251638930913,1904,2.832493400527958,0.8111351091912647
200,3,5,random,False,0.0,0.026512013256006627,2414,64,14057,0,0.0,1.0,0.0016968325791855204,0.0033879164313946925,15,12,0.3692758230575965,7915,2.400139502441293,5710,2.63925446396813,0.9063811624101871
400,2,10,high-degree,True,0.1,0.009683746016180437,24474,237,63903,34514,0.5400998388182089,0.8918918918918919,0.0023148960050506824,0.0046178065418926014,75,74,0.35858287801116195,17049,2.5364483747609943,24870,2.5781731687088243,0.8652645415708182
300,2,5,high-degree,False,0.0,0.014917276918904258,3687,55,21560,0,0.0,1.0,0.000748176320219465,0.0014952339418104789,16,12,0.34949693314073677,12547,2.459958605317625,10560,2.605705009276438,0.9275974025974026
200,2,5,cluster,True,0.1,0.018537859007832898,7660,142,22073,8169,0.3700901553934671,0.9361702127659575,0.006221719457013574,0.012361286697569883,49,47,0.3686905999767466,7762,2.3946615824594852,6965,2.61396275993295,0.8457844425315997
75,3,10,cluster,False,0.0,0.07326478149100257,778,57,4552,0,0.0,0.9375,0.09404388714733543,0.17094017094017094,55,96,0.399751597444508,2171,2.064046579330422,1075,2.936731107205624,0.8253514938488576
50,2,5,cluster,True,0.05,0.08483290488431877,778,66,3187,427,0.13398180106683402,0.8615384615384616,0.1346153846153846,0.23284823284823283,40,65,0.4231267076679987,1192,1.77819083023544,490,2.973642924380295,0.7329777219956072
300,1,5,cluster,True,0.05,0.010535052994509003,15662,165,42211,20450,0.48447087252138066,0.9178082191780822,0.004177317787892014,0.008316782522343595,64,73,0.3793026213400322,12748,2.4771411155135628,14879,2.583497192674895,0.8554405249816398
300,3,5,high-degree,True,0.05,0.011496518197345946,15222,175,40732,19077,0.46835411961111656,0.8636363636363636,0.002369225014028306,0.00472548653858111,47,44,0.35916822581533986,12642,2.4867766023646545,14655,2.582981439654326,0.8596680742413827
50,1,10,random,True,0.1,0.08571428571428572,770,66,3196,440,0.1376720901126408,0.7936507936507936,0.2403846153846154,0.36900369003690037,49,126,0.43512258885853966,1188,1.8133498145859086,487,2.969336670838548,0.7377972465581978
150,3,5,random,True,0.05,0.024862441410230283,4907,122,14915,4789,0.32108615487764,0.8852459016393442,0.013712544438801422,0.02700675168792198,59,61,0.39040483556243266,5522,2.2672885172081054,4148,2.6901106268856854,0.8368085819644653
200,3,5,high-degree,True,0.1,0.019924957950575754,7729,154,22260,8256,0.3708894878706199,0.9074074074074074,0.006928733031674208,0.0137524557956778,52,54,0.38371946293390413,7862,2.396208530805687,6974,2.6211141060197662,0.8481132075471698
50,2,5,high-degree,True,0.05,0.07045735475896168,809,57,3214,461,0.1434349719975109,0.8441558441558441,0.15625,0.26369168356997974,48,77,0.42927909333252806,1185,1.8596273291925465,490,2.9763534536403236,0.7345986309894212
75,1,10,high-degree,True,0.05,0.05436893203883495,1545,84,5690,1149,0.20193321616871704,0.8674698795180723,0.15047021943573669,0.2564559216384684,72,166,0.412438739477903,2160,1.893525179856115,1106,2.9411247803163443,0.7963093145869947
200,1,10,high-degree,True,0.1,0.016567434636293038,7726,128,22351,8246,0.36893203883495146,0.9245283018867925,0.013857466063348416,0.027305656171635554,91,106,0.380066466509953,7963,2.3873664653971205,7030,2.616840409825064,0.8460024159992842
100,1,10,cluster,True,0.1,0.03648155654641265,2467,90,8208,1989,0.24232456140350878,0.9115646258503401,0.07795229784758581,0.14362272240085747,78,147,0.3973254847377593,3215,2.178181818181818,1910,2.820053606237817,0.8111598440545809
400,3,10,random,False,0.0,0.01482799525504152,5058,75,29541,0,0.0,0.8108108108108109,0.001052225456841219,0.0021017234131988226,45,37,0.3563584154647057,17201,2.5616844602609725,15757,2.598693341457635,0.9390677363664061
75,3,10,random,False,0.0,0.07019867549668875,755,53,4532,0,0.0,0.9523809523809523,0.08359456635318704,0.15369836695485112,61,84,0.4120651794033235,2151,2.0102714600146734,1060,2.9377758164165932,0.8254633715798765
300,2,10,random,False,0.0,0.01862850971922246,3704,69,21531,0,0.0,0.7714285714285715,0.0016833967204937963,0.00335946248600224,39,35,0.3541053434030494,12518,2.4848436756070464,10403,2.604384376015977,0.927499883888347
200,3,10,cluster,True,0.1,0.01817947395564724,7756,141,22345,8294,0.3711792347281271,0.84,0.014847285067873302,0.02917882451021259,73,125,0.37779823149178504,7909,2.4189284871371255,7040,2.616066234056836,0.8460058178563437
150,3,10,cluster,True,0.1,0.0206058108386565,4853,100,14856,4662,0.31381260096930536,0.88,0.027932960893854747,0.05414718188530642,83,125,0.3829194569227174,5590,2.3376623376623376,4142,2.6869278406031234,0.8364297253634895
300,1,10,high-degree,False,0.0,0.02064343163538874,3730,77,21599,0,0.0,0.967741935483871,0.0018704408005486626,0.00373366521468575,39,31,0.32283486098444725,12586,2.544462025316456,10467,2.598777721190796,0.9268021667669799
200,2,10,random,False,0.0,0.031959629941127,2378,76,13950,0,0.0,0.9148936170212766,0.006080316742081448,0.012080348363534204,51,47,0.3754865581833193,7808,2.390533980582524,5762,2.6350537634408604,0.9057347670250896
75,1,5,high-degree,True,0.05,0.05,1540,77,5677,1116,0.19658270213140744,0.8901098901098901,0.08463949843260188,0.15458015267175573,55,91,0.40905285311679035,2180,1.967741935483871,1086,2.9304209970054607,0.7824555222828959
200,3,5,high-degree,False,0.0,0.026556016597510373,2410,64,14017,0,0.0,0.95,0.0026866515837104072,0.00535815002820079,22,20,0.38089035807478905,7875,2.3874940786357177,5782,2.6382250124848396,0.9051152172362131
50,1,5,cluster,False,0.0,0.0915032679738562,459,42,2760,0,0.0,0.86,0.10336538461538461,0.18454935622317598,32,50,0.42246552275846616,1192,1.8126550868486353,488,2.984782608695652,0.7663043478260869
50,2,5,random,False,0.0,0.08114035087719298,456,37,2763,0,0.0,0.8245614035087719,0.11298076923076923,0.19873150105708245,42,57,0.4085176427784637,1195,1.8177339901477831,486,2.9862468331523706,0.7745204487875498
100,1,5,high-degree,True,0.1,0.02849002849002849,2457,70,8162,1997,0.24467042391570692,0.8831168831168831,0.03955788248981966,0.07572383073496658,60,77,0.39308991110702224,3161,2.181283422459893,1906,2.827125704484195,0.8109531977456506
150,2,5,cluster,True,0.05,0.023222652271338358,4909,114,15042,4790,0.3184416965829012,0.8674698795180723,0.018283392585068562,0.035811987067893555,67,83,0.37757342629865664,5648,2.32683846637335,4143,2.6849488099986702,0.8306741124850419
200,2,5,cluster,True,0.05,0.016446100475395093,7783,128,22431,8350,0.3722526860148901,0.9423076923076923,0.006928733031674208,0.013756316676024706,41,52,0.38864269596326373,7939,2.4109269203829093,7002,2.6242699835049708,0.8485132183139406
400,2,10,high-degree,True,0.05,0.008915731952832903,24339,217,63553,33912,0.533601875599893,0.8765432098765432,0.0024902669145242186,0.004966424174594292,79,81,0.3664027859080534,17301,2.58798833819242,24739,2.5801457051594734,0.8651361855459223
300,2,5,random,True,0.1,0.009581768742716561,15446,148,41644,19762,0.47454615310729037,0.9090909090909091,0.0056113224016459875,0.011153798488040649,81,99,0.3800811130557584,12869,2.476897439781851,14807,2.5855105177216404,0.8586110844299298
50,1,10,random,True,0.05,0.09056603773584905,795,72,3240,470,0.14506172839506173,0.8455882352941176,0.2764423076923077,0.41666666666666674,50,136,0.4252104745375775,1202,1.7920673076923077,482,2.971604938271605,0.7296296296296296
75,2,5,random,True,0.1,0.05366492146596859,1528,82,5633,1091,0.19368009941416653,0.8292682926829268,0.07105538140020899,0.13089509143407124,50,82,0.40830440977646604,2161,2.0343316289262234,1096,2.9259719510030178,0.7876797443635718
100,2,10,random,False,0.0,0.05887764489420423,1087,64,6268,0,0.0,0.927536231884058,0.03723094822571262,0.07158836689038031,58,69,0.398160449410984,3264,2.135342185903984,1801,2.8462029355456284,0.8508296107211232
75,3,5,high-degree,False,0.0,0.05740987983978638,749,43,4560,0,0.0,0.9285714285714286,0.054336468129571575,0.10266535044422506,44,56,0.3947496473073839,2179,2.077485380116959,1075,2.9335526315789475,0.8199561403508772
300,3,10,random,True,0.05,0.010428429093324476,15055,157,40651,18991,0.46717177929202236,0.9041095890410958,0.008229939522414116,0.016311399443929564,123,146,0.37204888353477855,12647,2.4961300309597525,14677,2.585274654990037,0.8605446360483137
100,2,10,cluster,True,0.05,0.040268456375838924,2533,102,8382,2101,0.25065616797900264,0.8819875776397516,0.08260616637579989,0.15106382978723404,74,161,0.3952133927877164,3277,2.2081012658227848,1918,2.838582677165354,0.8109043187783346
50,3,10,cluster,True,0.05,0.09159347553324969,797,73,3191,430,0.1347539956126606,0.8174603174603174,0.24759615384615385,0.38007380073800734,48,126,0.4204915757933495,1193,1.9542079207920793,483,2.9586336571607648,0.7295518646192416
50,3,10,random,True,0.1,0.06459627329192547,805,52,3257,504,0.15474362910653977,0.823076923076923,0.25721153846153844,0.3919413919413919,49,130,0.4322565309528619,1185,1.83729662077597,493,2.9570156585815166,0.7304267731040835
150,2,10,high-degree,True,0.1,0.017632040848891018,12534,221,30642,20444,0.6671888257946609,0.8443983402489627,0.10335195530726257,0.1841628959276018,148,482,0.4438725696924037,5594,2.3263757115749524,4375,2.6724104170746035,0.7019776776972783
100,2,10,high-degree,True,0.1,0.03482786228983187,2498,87,8261,1990,0.24089093330105313,0.8742138364779874,0.08086096567771961,0.14802981895633655,79,159,0.40395090955684687,3267,2.209480122324159,1909,2.8457813823992253,0.8189081225033289
400,3,10,high-degree,True,0.05,0.0098190375720198,24646,242,64418,34794,0.5401285355024993,0.8936170212765957,0.0029462312791554137,0.005873099108547457,91,94,0.3600355071272213,17284,2.5986857545177187,25039,2.5830513210593313,0.867847496041479
200,2,5,high-degree,True,0.1,0.015552699228791773,7780,121,22262,8267,0.37135028299344175,0.9577464788732394,0.009615384615384616,0.01903961920761585,69,71,0.37530539733846713,7853,2.411342426417803,7052,2.618363129997305,0.8456562752672716
75,3,5,random,True,0.1,0.053606882859033755,1511,81,5673,1102,0.19425348140313767,0.8021978021978022,0.07628004179728318,0.13931297709923665,58,91,0.4051428363765648,2190,1.913232104121475,1099,2.929666842940243,0.7798343028380046
150,2,10,high-degree,False,0.0,0.032758620689655175,1740,57,10167,0,0.0,0.9827586206896551,0.014474352463179279,0.028528528528528527,55,58,0.39666295435544474,5563,2.2457545658442806,3656,2.7039441329792466,0.8856103078587587
50,3,5,high-degree,True,0.05,0.0782608695652174,805,63,3224,484,0.1501240694789082,0.8648648648648649,0.15384615384615385,0.2612244897959184,46,74,0.4291428716063722,1172,1.8584070796460177,489,2.9714640198511164,0.7304590570719603
100,3,5,random,True,0.05,0.03904991948470209,2484,97,8302,2059,0.24801252710190316,0.8611111111111112,0.03606748109365911,0.0692350642099386,57,72,0.40124515725981175,3239,2.164263645726056,1901,2.8348590701035894,0.811973018549747
100,3,10,random,False,0.0,0.047664442326024785,1049,50,6219,0,0.0,0.9375,0.034904013961605584,0.06730229949523275,55,64,0.40447261092108366,3215,2.0970724191063175,1766,2.839684836790481,0.8522270461488985
400,2,5,high-degree,False,0.0,0.013508144616607072,5034,68,29423,0,0.0,1.0,0.00028059345515765846,0.0005610294891125214,13,8,0.32552206701572056,17083,2.5588305775221665,15592,2.5979675763858205,0.9398089929646875
400,1,10,random,True,0.05,0.010563959223939493,24328,257,63454,34036,0.5363885649446843,0.9243697478991597,0.0038581600084178036,0.007684247293049249,106,119,0.383361608438476,17078,2.5410319990553782,24785,2.580121032559019,0.8680303842153371
150,2,5,high-degree,False,0.0,0.03312392918332382,1751,58,10194,0,0.0,1.0,0.007110208227526663,0.014120020171457387,32,28,0.38794788886246806,5590,2.2803978184151426,3642,2.699725328624681,0.8871885422797724
200,3,10,high-degree,True,0.1,0.01818866031108881,7972,145,22748,8689,0.38196764550729734,0.948905109489051,0.01838235294117647,0.03606602857539187,103,137,0.37794801449834453,7917,2.473390657680688,7008,2.6237471426059433,0.8471513979250923
400,3,10,random,True,0.1,0.00874647484366698,24467,214,63802,34274,0.5371931914360052,0.8796992481203008,0.004103679281680755,0.008169250104733976,123,133,0.36485574915239954,17188,2.545207743153919,24994,2.581705902636281,0.8672925613617128
50,3,5,random,False,0.0,0.080338266384778,473,38,2744,0,0.0,0.8620689655172413,0.1201923076923077,0.2109704641350211,41,58,0.4155502547616445,1176,1.8762626262626263,485,2.9766763848396502,0.7638483965014577
400,3,5,random,False,0.0,0.0175054704595186,5027,88,29540,0,0.0,0.8888888888888888,0.00028059345515765846,0.0005610098176718093,13,9,0.331603245976716,17200,2.580961379473249,15585,2.6000338524035205,0.9375761679079214
400,1,5,high-degree,True,0.1,0.009835662472849473,24401,240,63621,34203,0.53760550761541,1.0,0.0013328189119988776,0.0026620897404462506,43,38,0.3629789839400726,17078,2.5242137988760014,24952,2.579321293283664,0.8685811288725421
400,2,10,random,False,0.0,0.01901743264659271,5048,96,29535,0,0.0,0.9090909090909091,0.0007014836378941461,0.0014018855360459818,30,22,0.33746370538347575,17195,2.5725777830356087,15639,2.5986118164889116,0.9367191467750127
300,3,10,random,False,0.0,0.019655358104469573,3714,73,21550,0,0.0,0.8333333333333334,0.0009352204002743313,0.0018683440244130283,24,18,0.35452167751164365,12537,2.5045202220459952,10516,2.6035730858468678,0.9253828306264501
400,1,5,cluster,True,0.1,0.009363527616219116,24243,227,63452,33796,0.5326230851667402,0.8947368421052632,0.0023850443688400967,0.004757407213068878,70,76,0.37614733623201124,17316,2.556420685647879,24710,2.578862762403076,0.8661192712601652
100,2,5,cluster,True,0.1,0.02992874109263658,6315,189,15153,8895,0.5870124727776678,0.7810650887573964,0.07678883071553229,0.13983050847457626,83,169,0.45507354012989865,3254,2.2119509703779365,1953,2.8210255394971293,0.6966937240150465
75,1,10,random,True,0.05,0.060486522024983565,1521,92,5640,1075,0.19060283687943264,0.8903225806451613,0.14420062695924765,0.24820143884892085,69,155,0.4117048748069015,2184,2.0173285198555955,1096,2.924468085106383,0.7884751773049645
200,3,10,random,False,0.0,0.02559867877786953,2422,62,13990,0,0.0,0.9736842105263158,0.005231900452488687,0.01040787623066104,46,38,0.36405247804745516,7848,2.4281946775353633,5808,2.640385989992852,0.9067190850607577
300,3,5,high-degree,False,0.0,0.0186184565569347,3706,69,21524,0,0.0,1.0,0.000748176320219465,0.0014952339418104789,17,12,0.3423509943851957,12511,2.4816229116945108,10458,2.6044415536145697,0.9266864895000929
300,3,5,random,False,0.0,0.01747781661737026,3719,65,21604,0,0.0,1.0,0.0012469605336991084,0.002490815119247774,23,20,0.3350006811076824,12591,2.5384736428009442,10445,2.6038696537678208,0.9276522866135901
75,1,5,cluster,True,0.1,0.047774869109947646,1528,73,5660,1070,0.18904593639575973,0.8433734939759037,0.07314524555903866,0.1346153846153846,43,83,0.4067886014515305,2209,1.984240687679083,1096,2.9203180212014135,0.7856890459363958
50,3,5,high-degree,True,0.1,0.07503075030750307,813,61,3242,482,0.148673658235657,0.8148148148148148,0.15865384615384615,0.2655935613682092,47,81,0.4325133516453183,1192,1.849009900990099,492,2.98365206662554,0.7347316471314004
100,1,10,cluster,True,0.05,0.03225806451612903,2449,79,8231,1972,0.2395820677924918,0.9102564102564102,0.08260616637579989,0.15146666666666667,75,156,0.3925404890154556,3255,2.183872624550591,1907,2.837079334224274,0.817519134977524
50,2,5,cluster,False,0.0,0.09234234234234234,444,41,2748,0,0.0,0.8571428571428571,0.10096153846153846,0.1806451612903226,33,49,0.41187900252896054,1180,1.7290886392009988,487,2.9814410480349345,0.7627365356622998
300,3,10,cluster,False,0.0,0.02172164119066774,3729,81,21570,0,0.0,0.7857142857142857,0.002057484880603529,0.0041042223742304585,44,42,0.35438950244737333,12557,2.4914186742245317,10432,2.606907742234585,0.9261474269819193
200,1,5,high-degree,True,0.1,0.017176804855998967,7743,133,22452,8328,0.3709246392303581,0.8961038961038961,0.009756787330316742,0.01930339907679396,69,77,0.3730035687200041,7982,2.354450867052023,7013,2.625066809192945,0.8458489221450205
100,2,5,cluster,True,0.05,0.031862745098039214,2448,78,8191,1979,0.24160664143572214,0.8961038961038961,0.04013961605584642,0.07683741648106904,53,77,0.4000687271148709,3208,2.145254326166754,1895,2.824929801001099,0.8041753143694299
200,1,10,cluster,True,0.1,0.018358112475759535,7735,142,22150,8120,0.36659142212189616,0.841726618705036,0.016544117647058824,0.03245042296491471,79,139,0.376331655332088,7888,2.418763225958147,6983,2.6244243792325057,0.8489841986455982
50,3,10,cluster,True,0.1,0.08894536213468869,787,70,3216,442,0.13743781094527363,0.8596491228070176,0.23557692307692307,0.36981132075471695,47,114,0.43695328339105244,1206,1.7156862745098038,491,2.9720149253731343,0.7213930348258707
150,1,10,cluster,True,0.1,0.019922197335848168,8483,169,21060,10844,0.5149097815764483,0.8430769230769231,0.06957846622651091,0.12854797091250292,116,325,0.40831443444825116,5612,2.2608968328629664,4355,2.6772079772079773,0.7714150047483381
100,3,10,cluster,True,0.1,0.039112903225806454,2480,97,8287,2082,0.25123687703632197,0.8785714285714286,0.07155322862129145,0.13232920925228617,74,140,0.3956533070271223,3201,2.0976377952755905,1917,2.834439483528418,0.811632677687945
300,3,10,high-degree,False,0.0,0.0227765726681128,3688,84,21510,0,0.0,0.9047619047619048,0.001184612507014153,0.00236612702366127,28,21,0.3546164136241262,12497,2.4941120305537874,10425,2.596513249651325,0.9265922826592282
75,2,5,cluster,True,0.1,0.039448966812773954,1597,63,5742,1173,0.20428422152560083,0.8023255813953488,0.07210031347962383,0.13231064237775647,47,86,0.41786962707918274,2188,2.0203636363636366,1113,2.9245907349355624,0.7850923023336817
50,1,10,cluster,True,0.05,0.08739076154806492,801,70,3223,461,0.1430344399627676,0.7807017543859649,0.21394230769230768,0.33584905660377357,46,114,0.4395216552054473,1194,1.819530284301607,491,2.968352466645982,0.7328575860999069
400,2,5,high-degree,True,0.1,0.009954308093994777,24512,244,64251,34696,0.5400071594216432,0.9302325581395349,0.0014029672757882921,0.0028017090425159347,46,43,0.36255484902675505,17215,2.597107923818481,24932,2.5822633110768702,0.8662744548722977
75,2,5,high-degree,True,0.1,0.04907161803713528,1508,74,5618,1090,0.1940192239231043,0.8987341772151899,0.0741901776384535,0.13706563706563704,55,79,0.41263968686321095,2147,1.9543782192788814,1090,2.923816304734781,0.7867568529725881
75,1,5,high-degree,False,0.0,0.05859375,768,45,4548,0,0.0,0.94,0.04911180773249739,0.09334657398212513,41,50,0.40729341361254007,2167,2.098468271334792,1062,2.9307387862796834,0.8216798592788038
50,2,10,random,True,0.05,0.08939974457215837,783,70,3159,431,0.13643558088002533,0.8421052631578947,0.23076923076923078,0.3622641509433962,50,114,0.4197724243327659,1160,1.864864864864865,489,2.9575815131370686,0.729028173472618
300,1,10,random,True,0.05,0.009437097095766598,15047,142,40383,18707,0.4632394819602308,0.8899082568807339,0.006047758588440676,0.01201387168689621,93,109,0.374843009130541,12663,2.515719374322441,14673,2.5805908426813264,0.8619220959314563
400,1,5,high-degree,True,0.05,0.01100519576156773,24443,269,63774,34221,0.5365979866403237,0.9591836734693877,0.0016484865490512433,0.0032913165266106443,53,49,0.35799144497699775,17213,2.5399929320296857,24910,2.580314861855929,0.86773606799009
50,3,5,random,True,0.05,0.06733167082294264,802,54,3235,477,0.14744976816074187,0.7647058823529411,0.125,0.21487603305785125,44,68,0.43371992389539704,1190,1.8645320197044335,488,2.9693972179289028,0.7301391035548687
400,3,10,random,True,0.05,0.00923391215526047,24475,226,63733,34229,0.53706870851835,0.9586206896551724,0.004875311283364316,0.009701284198771637,131,145,0.36426170102908223,17164,2.565546616185518,24935,2.5837321324902325,0.8677451241899801
75,1,5,random,False,0.0,0.06130268199233716,783,48,4558,0,0.0,0.88,0.04597701149425287,0.08738828202581926,40,50,0.39917121854073173,2177,2.0391304347826087,1063,2.9488810881965772,0.824045634050022
100,3,10,random,True,0.1,0.03596837944664032,2530,91,8370,2119,0.25316606929510155,0.844311377245509,0.08202443280977312,0.14952279957582185,86,167,0.40600219376238145,3247,2.144478844169247,1924,2.8311827956989246,0.8145758661887694
150,1,10,random,False,0.0,0.02875215641173088,1739,50,10179,0,0.0,0.9454545454545454,0.013204672422549517,0.026045579764588028,54,55,0.3816415660500182,5575,2.2364735837046466,3651,2.707535121328225,0.8869240593378525
100,2,5,high-degree,True,0.1,0.028641571194762683,2444,70,8223,2013,0.24480116745713243,0.9090909090909091,0.04653868528214078,0.08854454897620365,64,88,0.3963281213234385,3206,2.1411458333333333,1914,2.834853459807856,0.811869147513073
300,2,10,high-degree,True,0.1,0.009765495250116257,15053,147,40582,18811,0.4635306293430585,0.9166666666666666,0.006172454641810586,0.012262339753514585,97,108,0.36493717312138513,12758,2.5111825980392157,14575,2.5843477403775075,0.8603568084372382
75,3,10,cluster,True,0.1,0.05894039735099338,1510,89,5599,1077,0.1923557778174674,0.86,0.13479623824451412,0.23306233062330625,66,150,0.40528010074303483,2141,1.9639175257731958,1096,2.922664761564565,0.7849616002857653
400,3,5,random,True,0.05,0.010294117647058823,24480,252,64264,34680,0.5396489480891323,0.9333333333333333,0.001964154186103609,0.003920058800882013,60,60,0.37537668538821095,17244,2.5491092358180967,24938,2.580231544877381,0.8658969251836176
75,2,5,high-degree,True,0.05,0.050359712230215826,1529,77,5688,1126,0.1979606188466948,0.8928571428571429,0.07836990595611286,0.14409221902017294,55,84,0.42045893603447204,2181,1.955650929899857,1096,2.920534458509142,0.7865682137834037
400,3,5,high-degree,True,0.05,0.01125136105174013,24797,279,64871,35327,0.5445730757965809,0.8863636363636364,0.001367893093893585,0.002731570653125547,46,44,0.35930061022239873,17204,2.5809714218511113,25177,2.5837431209631423,0.866365556257804
150,1,5,high-degree,False,0.0,0.029892836999435984,1773,53,10238,0,0.0,0.9545454545454546,0.005332656170644997,0.010606060606060605,25,22,0.39625460464131373,5634,2.3038254821372117,3677,2.7011134987302206,0.8848407892166439
50,1,5,high-degree,True,0.1,0.06649937264742785,797,53,3218,473,0.14698570540708514,0.8108108108108109,0.14423076923076922,0.24489795918367344,47,74,0.4276231708881134,1177,1.7647058823529411,487,2.972964574269733,0.7305779987569919
50,1,5,random,True,0.1,0.059045226130653265,796,47,3237,484,0.14952116156935433,0.7647058823529411,0.125,0.21487603305785125,41,68,0.4304543573375685,1185,1.8032378580323787,489,2.964782205746061,0.7309236947791165
400,1,5,high-degree,False,0.0,0.01730654465884225,5027,87,29478,0,0.0,0.9166666666666666,0.00038581600084178035,0.0007713073659853452,17,12,0.331815599696033,17138,2.5561273336524652,15671,2.597428590813488,0.9380894226202592
300,1,5,random,True,0.1,0.012039567877131329,15366,185,41132,19424,0.472235728872897,0.9833333333333333,0.00367853357441237,0.007329647804211442,57,60,0.363406256302239,12695,2.4948326392102422,14774,2.5811776718856363,0.8596469901779636
75,2,10,random,True,0.05,0.0577568838146407,1489,86,5610,1071,0.19090909090909092,0.8571428571428571,0.14420062695924765,0.24686940966010734,71,161,0.40924948434612984,2158,1.940746159473299,1088,2.939928698752228,0.7926916221033868
100,1,5,cluster,True,0.1,0.0293054997992774,2491,73,8347,2018,0.24176350784713072,0.8452380952380952,0.04130308318789994,0.07875762617859124,60,84,0.3909238283714772,3325,2.2034153691612257,1926,2.832275068887025,0.8101114172756679
400,2,5,cluster,True,0.1,0.010239739943112556,24610,252,64163,34746,0.5415270482988638,0.96,0.0016835607309459506,0.0033612268477994462,48,50,0.36644684773422903,17077,2.5337547709923665,25034,2.5800383398531865,0.8652961987438244
200,1,10,high-degree,False,0.0,0.028642590286425903,2409,69,13893,0,0.0,1.0,0.006080316742081448,0.012087139845397048,48,43,0.3776516574499667,7751,2.418722786647315,5752,2.64161808104801,0.904628230043907
100,3,5,cluster,False,0.0,0.05545454545454546,1100,61,6253,0,0.0,0.8974358974358975,0.02036067481093659,0.03981797497155858,34,39,0.38720159754118755,3249,2.168016194331984,1787,2.8308012154166002,0.8511114664960818
150,3,5,high-degree,True,0.05,0.02170767004341534,4837,105,14804,4676,0.3158605782221021,0.9583333333333334,0.017521584560690705,0.03441396508728179,61,72,0.38319995956053343,5524,2.3616883116883116,4142,2.6829910834909483,0.8353823291002431
400,1,5,cluster,True,0.05,0.009342347879532883,24405,228,64739,35337,0.5458379029642101,0.8780487804878049,0.001262670548209463,0.0025217147660409078,41,41,0.3576260280319582,17062,2.5608284023668637,25054,2.582554565254329,0.8672515794188974
300,1,5,cluster,True,0.1,0.011631749388672263,15131,176,40717,18995,0.46651275879853626,0.8596491228070176,0.0030550533075628158,0.006088469184890656,50,57,0.37181135359766504,12709,2.519585075089023,14727,2.5827786919468525,0.8602058108406808
400,3,5,high-degree,True,0.1,0.010015002230061226,24663,247,64351,34938,0.5429286258177806,0.9705882352941176,0.0011574480025253412,0.0023121387283236996,38,34,0.3637458979613175,17073,2.572463768115942,25025,2.579136299358207,0.8650370623611132
50,1,10,high-degree,True,0.05,0.10445859872611465,785,82,3206,449,0.1400499064254523,0.8571428571428571,0.27403846153846156,0.41530054644808745,50,133,0.4273786470212668,1189,1.7619047619047619,489,2.9647535870243296,0.7311291328758578
150,1,5,random,False,0.0,0.038172353961827644,1729,66,10125,0,0.0,0.896551724137931,0.006602336211274758,0.013108142172926645,31,29,0.37919863069320014,5521,2.2505657937277723,3644,2.7032098765432098,0.8842469135802469
100,1,5,high-degree,True,0.05,0.031388329979879274,2485,78,8288,2026,0.24444980694980695,0.9263157894736842,0.051192553810354854,0.0970231532524807,67,95,0.39270783315577534,3258,2.1204880528723944,1909,2.836510617760618,0.8163610038610039
300,3,5,random,True,0.1,0.009309289759781264,15361,143,41139,19307,0.46931135905102217,0.90625,0.0036161855477274143,0.007203626653418617,62,64,0.3644664504708116,12819,2.5023481290713527,14811,2.5874717421424926,0.8610807263180923
100,2,5,random,False,0.0,0.04419889502762431,1086,48,6268,0,0.0,0.9354838709677419,0.01687027341477603,0.03314285714285714,33,31,0.3908130114468613,3264,2.2478502781992917,1803,2.840299936183791,0.8575303126994257
400,2,5,cluster,False,0.0,0.015869905956112852,5104,81,29546,0,0.0,1.0,0.00017537090947353652,0.0003506803198204516,9,5,0.36215723392783034,17206,2.5892539437789113,15658,2.599032017870439,0.937216543694578
300,3,5,cluster,False,0.0,0.017703862660944206,3728,66,21678,0,0.0,0.9166666666666666,0.0006858282935345096,0.0013706311133262726,16,12,0.3565656016539502,12665,2.5232304334268787,10426,2.607205461758465,0.9238859673401605
50,2,10,random,True,0.1,0.06691449814126393,807,54,3236,460,0.14215080346106304,0.8372093023255814,0.25961538461538464,0.3963302752293578,49,129,0.4354401253146335,1208,1.8166465621230399,489,2.961990111248455,0.7323856613102596
50,1,5,high-degree,True,0.05,0.07290400972053462,823,60,3237,474,0.1464318813716404,0.8513513513513513,0.15144230769230768,0.2571428571428571,46,74,0.4352001081457028,1195,1.8493827160493828,489,2.972505406240346,0.7374111831943158
75,1,5,cluster,True,0.05,0.061197916666666664,1536,94,5701,1085,0.19031748815997193,0.8131868131868132,0.07732497387669801,0.14122137404580154,58,91,0.40604933773859986,2235,2.0246478873239435,1102,2.9359761445360464,0.7884581652341695
200,3,5,cluster,False,0.0,0.03327855382087099,2434,81,14023,0,0.0,0.9130434782608695,0.0029694570135746605,0.005919661733615222,27,23,0.36626798742097294,7881,2.4289088332546056,5785,2.6457248805533764,0.9062254867004207
300,3,10,random,True,0.1,0.011937739084553489,15162,181,40988,19234,0.46925929540353273,0.8829787234042553,0.0051748862148513,0.010289468790677493,88,94,0.35940465511473924,12741,2.4858156028368796,14763,2.5844393481018835,0.860398165316678
200,1,5,high-degree,False,0.0,0.025503907856849032,2431,62,13960,0,0.0,0.9545454545454546,0.0029694570135746605,0.0059204961939667315,26,22,0.38552190169143313,7818,2.3759828448892066,5710,2.6454154727793697,0.9031518624641833
75,3,5,random,False,0.0,0.0858257477243173,769,66,4539,0,0.0,0.9387755102040817,0.04806687565308255,0.09145129224652088,38,49,0.4096746018718972,2158,2.038207200587803,1076,2.9469046045384446,0.8184622163472131
50,3,10,high-degree,True,0.05,0.07615480649188515,801,61,3261,475,0.14566084023305734,0.8308823529411765,0.27163461538461536,0.40942028985507245,49,136,0.426189574049909,1218,1.7932285368802903,494,2.9834406623735052,0.72983747316774
200,3,10,random,True,0.1,0.018069973087274125,7803,141,22416,8346,0.37232334047109206,0.9379310344827586,0.019230769230769232,0.037688790356103646,113,145,0.37920633704549855,7928,2.3970864661654137,7066,2.615899357601713,0.8489917915774446
150,1,5,cluster,True,0.1,0.025692899049160427,4943,127,14968,4765,0.31834580438268306,0.8490566037735849,0.01142712036566785,0.02255073916311701,46,53,0.376903542959701,5599,2.274770496992719,4150,2.6806520577231425,0.8305718866916088
75,2,5,random,False,0.0,0.05974025974025974,770,46,4583,0,0.0,0.9565217391304348,0.04597701149425287,0.08773678963110668,37,46,0.4071068118431583,2202,2.004297994269341,1072,2.9284311586297185,0.8156229543966834
100,3,10,high-degree,False,0.0,0.044144144144144144,1110,49,6308,0,0.0,0.9605263157894737,0.04246655031995346,0.08133704735376045,61,76,0.39725193898801053,3304,2.184592296148074,1821,2.8476537729866838,0.8535193405199747
50,1,10,cluster,False,0.0,0.0659090909090909,440,29,2716,0,0.0,0.8131868131868132,0.1778846153846154,0.29191321499013806,42,91,0.42267559063696114,1148,1.8083441981747066,487,2.979381443298969,0.7709867452135494
50,2,5,high-degree,False,0.0,0.08899297423887588,427,38,2726,0,0.0,0.8793103448275862,0.12259615384615384,0.2151898734177215,41,58,0.40928030246407776,1158,1.6688144329896908,485,2.9981658107116655,0.780630961115187
200,2,10,random,True,0.05,0.018352156057494868,7792,143,22338,8303,0.37169845106992566,0.8421052631578947,0.013574660633484163,0.02671861953799054,100,114,0.3855525483891436,7893,2.3872400093479786,7035,2.621586534157042,0.8467185961142448
400,3,5,cluster,False,0.0,0.01652727996814018,5022,83,29519,0,0.0,1.0,0.00038581600084178035,0.0007713344085267512,15,11,0.3266666666666666,17179,2.544020715630885,15608,2.594532335106203,0.9401063721670788
75,3,5,cluster,False,0.0,0.0678617157490397,781,53,4567,0,0.0,0.9230769230769231,0.050156739811912224,0.09514370664023786,41,52,0.4056547288987389,2186,1.9898329702251272,1070,2.9456973943507774,0.8276768119115393
150,2,10,random,True,0.05,0.02656661934698844,4931,131,14959,4760,0.3182030884417408,0.8601398601398601,0.031234128999492128,0.060279343298211226,92,143,0.37951582428337377,5595,2.2732188295165394,4142,2.6872785614011634,0.8343472157229761
300,2,5,cluster,False,0.0,0.019973009446693658,3705,74,21564,0,0.0,0.7894736842105263,0.0009352204002743313,0.0018682276746792876,22,19,0.3765046603050626,12551,2.494256490952006,10431,2.6045260619551103,0.928955666852161
50,1,10,random,False,0.0,0.08779443254817987,467,41,2767,0,0.0,0.8617021276595744,0.19471153846153846,0.3176470588235294,49,94,0.42193414406166296,1199,1.8196125907990315,479,2.968558005059631,0.7567762920130104
75,2,10,cluster,True,0.05,0.05103359173126615,1548,79,5705,1120,0.19631901840490798,0.8711656441717791,0.148380355276907,0.2535714285714285,63,163,0.40073615723022593,2204,2.0555951532430505,1105,2.9167397020157755,0.7842243645924627
300,1,10,cluster,False,0.0,0.017964071856287425,3674,66,21553,0,0.0,0.9230769230769231,0.00149635264043893,0.002987861811391223,32,26,0.3371748104282793,12540,2.5155977830562155,10402,2.5976430195332436,0.9256716002412657
150,1,5,high-degree,True,0.05,0.021653133458255258,4803,104,14762,4563,0.3091044573905975,0.9166666666666666,0.01675977653631285,0.03291770573566084,65,72,0.3748793065074516,5595,2.3302340493747997,4138,2.6809375423384365,0.8361333152689338
200,2,5,cluster,False,0.0,0.026228143213988343,2402,63,14016,0,0.0,1.0,0.0029694570135746605,0.005921330889609474,23,21,0.38508606074597634,7874,2.44462927756654,5768,2.6440496575342465,0.9007562785388128
300,1,5,high-degree,False,0.0,0.018802966101694914,3776,71,21660,0,0.0,0.8461538461538461,0.0006858282935345096,0.001370545726389235,17,13,0.3375564004112216,12647,2.530821917808219,10445,2.601061865189289,0.9259926131117266
50,1,5,random,True,0.05,0.07711138310893513,817,63,3238,489,0.15101914762198887,0.7945205479452054,0.13942307692307693,0.23721881390593044,44,73,0.4268385675456742,1181,1.9232704402515723,492,2.967881408276714,0.7347127856701667
100,2,5,cluster,False,0.0,0.04875804967801288,1087,53,6275,0,0.0,0.9090909090909091,0.02326934264107039,0.04537719795802609,34,44,0.3951838523335935,3271,2.163141993957704,1789,2.8372908366533864,0.8468525896414343
75,3,5,high-degree,True,0.05,0.048215403882279274,1597,77,5736,1153,0.20101115760111576,0.8876404494382022,0.08254963427377221,0.15105162523900575,59,89,0.3984503218638016,2202,2.0120567375886527,1108,2.933054393305439,0.7904463040446305
200,2,5,high-degree,True,0.05,0.017112712300566133,7772,133,22384,8320,0.37169406719085063,0.9821428571428571,0.0077771493212669685,0.0154320987654321,52,56,0.3901967359645602,7922,2.4280742459396754,7017,2.6236597569692637,0.8488652609006433
300,2,10,cluster,True,0.1,0.01349016480595428,15048,203,40716,18914,0.46453482660379214,0.8504672897196262,0.005673670428330943,0.011272141706924317,84,107,0.370893821605646,12789,2.5206801470588234,14668,2.585150800668042,0.859514687100894
100,3,5,high-degree,True,0.1,0.029635562675210253,2497,74,8260,1980,0.2397094430992736,0.9032258064516129,0.04886561954624782,0.09271523178807947,64,93,0.397156456954622,3276,2.157678479712378,1923,2.8361985472154965,0.8145278450363196
50,1,5,cluster,True,0.05,0.085,800,68,3245,488,0.15038520801232666,0.7352941176470589,0.1201923076923077,0.2066115702479339,35,68,0.42960656466301445,1189,1.8300248138957815,492,2.9688751926040062,0.726964560862866
200,1,5,cluster,True,0.1,0.0160627088152146,7782,125,22338,8291,0.3711612498880831,0.9,0.006363122171945701,0.012636899747262006,49,50,0.3664058344875308,7905,2.407590759075908,6974,2.618587160891754,0.8474796311218551
150,3,10,random,True,0.1,0.026822276822276822,4884,131,14824,4766,0.3215056664867782,0.8943661971830986,0.03224987303199594,0.06225490196078432,106,142,0.38927711815938176,5454,2.3035479632063076,4149,2.685375067458176,0.8327711818672423
300,3,5,cluster,True,0.05,0.009722769675469714,15222,148,40734,19026,0.4670790985417587,0.8860759493670886,0.004364361867946879,0.008685941183769698,69,79,0.3777042584390819,12695,2.5151092515109252,14687,2.5843030392301274,0.8601414052143173
100,3,5,high-degree,True,0.05,0.03976833976833977,2590,103,8400,2164,0.25761904761904764,0.9278350515463918,0.05235602094240838,0.09911894273127754,66,97,0.3875837289302616,3232,2.2236024844720497,1910,2.8279761904761904,0.8082142857142857
