N,Hmax,obs_count,placement,cover_enabled,accuracy,graph_f1,graph_precision,graph_recall,dummy_fraction,avg_path_length,path_diversity,total_replies,conversation_threads
50,2,5,random,True,0.051,0.273,0.829,0.163,0.436,2.964,0.653,1169,486
50,2,5,high-degree,True,0.055,0.288,0.857,0.173,0.142,2.98,0.739,1188,486
50,2,5,high-degree,True,0.062,0.275,0.872,0.163,0.155,2.986,0.74,1213,484
50,1,5,cluster,True,0.063,0.237,0.877,0.137,0.139,2.984,0.74,1144,482
50,3,5,high-degree,True,0.07,0.286,0.888,0.171,0.143,2.955,0.72,1176,488
50,2,5,cluster,True,0.071,0.256,0.829,0.151,0.14,2.983,0.737,1169,480
50,3,5,high-degree,False,0.071,0.238,0.905,0.137,0.0,2.999,0.778,1143,479
50,1,5,random,True,0.071,0.255,0.873,0.149,0.153,2.973,0.725,1208,483
50,1,10,random,True,0.073,0.394,0.818,0.26,0.143,2.972,0.733,1168,481
50,3,5,cluster,False,0.073,0.207,0.845,0.118,0.0,2.985,0.762,1202,475
50,3,5,cluster,True,0.073,0.257,0.851,0.151,0.184,2.94,0.724,1155,488
50,1,5,cluster,False,0.075,0.18,0.824,0.101,0.0,2.997,0.773,1156,480
50,1,10,high-degree,True,0.077,0.432,0.857,0.288,0.155,2.985,0.739,1172,480
50,3,5,random,True,0.077,0.251,0.871,0.147,0.139,2.975,0.734,1207,482
50,1,5,high-degree,False,0.077,0.252,0.884,0.147,0.0,3.023,0.776,1184,469
50,3,5,random,True,0.079,0.246,0.845,0.144,0.15,2.973,0.733,1163,480
50,1,10,cluster,True,0.079,0.396,0.837,0.26,0.161,2.963,0.722,1177,478
50,3,10,random,True,0.08,0.404,0.853,0.264,0.143,2.967,0.729,1174,484
50,1,5,cluster,True,0.08,0.239,0.841,0.139,0.14,2.983,0.739,1154,484
50,3,10,cluster,False,0.08,0.341,0.88,0.212,0.0,3.004,0.761,1236,480
50,1,5,high-degree,True,0.08,0.278,0.862,0.166,0.151,2.99,0.74,1145,480
50,1,10,cluster,False,0.082,0.311,0.859,0.19,0.0,2.988,0.762,1167,472
50,2,5,high-degree,False,0.082,0.265,0.867,0.156,0.0,2.989,0.763,1186,480
50,2,5,random,True,0.083,0.258,0.875,0.151,0.16,2.988,0.742,1171,478
50,2,10,cluster,False,0.083,0.358,0.862,0.226,0.0,2.985,0.765,1162,479
50,2,10,high-degree,True,0.084,0.424,0.86,0.281,0.15,2.98,0.74,1170,487
50,1,5,high-degree,True,0.084,0.285,0.866,0.171,0.152,2.991,0.728,1190,480
50,2,5,cluster,True,0.085,0.217,0.812,0.125,0.139,2.986,0.737,1161,482
50,3,10,cluster,True,0.087,0.411,0.868,0.269,0.137,2.98,0.739,1196,483
50,3,10,high-degree,True,0.088,0.426,0.88,0.281,0.148,2.965,0.736,1167,480
50,3,5,high-degree,True,0.088,0.271,0.848,0.161,0.157,2.965,0.727,1166,484
50,3,10,high-degree,True,0.089,0.418,0.858,0.276,0.157,2.96,0.73,1156,483
50,1,5,random,False,0.091,0.215,0.864,0.123,0.0,2.974,0.759,1166,473
50,3,5,cluster,True,0.091,0.214,0.836,0.123,0.154,2.983,0.725,1191,483
50,3,5,random,False,0.091,0.192,0.849,0.108,0.0,3.018,0.775,1195,482
50,1,10,high-degree,True,0.094,0.437,0.877,0.291,0.152,2.954,0.73,1153,482
50,2,10,cluster,True,0.095,0.368,0.811,0.238,0.163,2.967,0.726,1173,482
50,2,5,random,False,0.096,0.204,0.889,0.115,0.0,3.008,0.766,1193,478
50,3,10,cluster,True,0.096,0.391,0.811,0.257,0.157,2.968,0.729,1184,483
50,3,10,random,True,0.097,0.401,0.852,0.262,0.136,2.965,0.73,1176,486
50,2,10,high-degree,True,0.097,0.426,0.88,0.281,0.137,2.994,0.746,1180,479
50,3,10,random,False,0.099,0.36,0.921,0.224,0.0,2.979,0.759,1160,476
50,1,5,random,True,0.099,0.247,0.87,0.144,0.149,2.998,0.733,1183,484
50,1,10,random,True,0.1,0.425,0.867,0.281,0.144,2.97,0.732,1170,478
50,2,5,cluster,False,0.102,0.192,0.865,0.108,0.0,2.994,0.763,1227,481
50,1,10,high-degree,False,0.102,0.39,0.889,0.25,0.0,2.989,0.769,1196,476
50,2,10,random,True,0.102,0.378,0.823,0.245,0.144,2.995,0.744,1167,482
50,2,10,random,True,0.102,0.396,0.837,0.26,0.146,2.974,0.738,1196,480
50,2,10,cluster,True,0.103,0.419,0.865,0.276,0.143,2.972,0.733,1169,485
50,1,10,cluster,True,0.106,0.415,0.833,0.276,0.151,2.982,0.739,1183,484
50,1,10,random,False,0.107,0.329,0.85,0.204,0.0,3.008,0.769,1197,477
50,2,10,random,False,0.113,0.354,0.845,0.224,0.0,3.009,0.775,1196,478
50,2,10,high-degree,False,0.113,0.429,0.928,0.279,0.0,3.01,0.773,1198,477
50,3,10,high-degree,False,0.119,0.384,0.918,0.243,0.0,2.991,0.759,1201,472
75,2,5,cluster,True,0.036,0.115,0.868,0.062,0.194,2.932,0.796,2182,1092
75,2,5,random,True,0.036,0.122,0.84,0.066,0.197,2.923,0.79,2193,1096
75,3,5,high-degree,True,0.038,0.126,0.915,0.068,0.195,2.932,0.796,2187,1104
75,3,10,cluster,True,0.041,0.235,0.8,0.138,0.281,2.923,0.765,2141,1099
75,1,5,random,True,0.044,0.127,0.825,0.069,0.193,2.938,0.798,2157,1106
75,2,5,random,True,0.044,0.121,0.873,0.065,0.191,2.934,0.8,2181,1095
75,2,5,high-degree,True,0.045,0.143,0.937,0.077,0.2,2.927,0.791,2178,1101
75,3,10,random,True,0.045,0.244,0.872,0.142,0.204,2.929,0.796,2171,1093
75,3,5,high-degree,True,0.046,0.134,0.945,0.072,0.195,2.929,0.794,2127,1106
75,1,5,cluster,True,0.046,0.141,0.912,0.076,0.202,2.94,0.799,2131,1100
75,1,5,high-degree,True,0.047,0.136,0.921,0.073,0.188,2.923,0.791,2239,1100
75,2,10,random,True,0.047,0.241,0.865,0.14,0.213,2.935,0.794,2139,1100
75,1,5,high-degree,True,0.048,0.143,0.937,0.077,0.216,2.909,0.782,2186,1094
75,3,5,cluster,True,0.048,0.134,0.833,0.073,0.21,2.931,0.787,2177,1103
75,3,5,random,True,0.048,0.135,0.864,0.073,0.203,2.931,0.794,2164,1099
75,2,10,high-degree,True,0.05,0.27,0.899,0.159,0.198,2.928,0.792,2214,1097
75,3,5,cluster,True,0.05,0.135,0.864,0.073,0.187,2.934,0.803,2133,1101
75,3,10,random,True,0.05,0.24,0.869,0.139,0.211,2.935,0.784,2153,1092
75,3,5,random,True,0.05,0.129,0.848,0.07,0.196,2.914,0.788,2191,1114
75,1,10,random,True,0.05,0.233,0.866,0.135,0.196,2.937,0.794,2183,1099
75,2,10,high-degree,True,0.051,0.26,0.924,0.152,0.203,2.927,0.791,2154,1101
75,2,5,high-degree,True,0.053,0.145,0.926,0.078,0.209,2.925,0.785,2165,1113
75,2,5,cluster,True,0.053,0.117,0.882,0.063,0.2,2.933,0.806,2177,1109
75,1,5,cluster,False,0.054,0.097,0.98,0.051,0.0,2.929,0.816,2190,1071
75,1,10,high-degree,True,0.054,0.25,0.885,0.145,0.205,2.922,0.793,2126,1092
75,1,5,random,False,0.056,0.105,0.946,0.055,0.0,2.934,0.829,2212,1072
75,2,10,cluster,True,0.056,0.253,0.887,0.147,0.201,2.944,0.798,2152,1099
75,1,10,cluster,True,0.056,0.241,0.899,0.139,0.202,2.93,0.794,2155,1100
75,2,10,cluster,True,0.056,0.224,0.879,0.129,0.204,2.928,0.792,2164,1086
75,2,10,random,True,0.056,0.225,0.861,0.13,0.202,2.946,0.803,2154,1095
75,3,10,cluster,True,0.056,0.258,0.868,0.152,0.212,2.93,0.793,2142,1099
75,1,10,high-degree,False,0.057,0.188,0.917,0.104,0.0,2.923,0.818,2192,1059
75,3,10,high-degree,True,0.058,0.269,0.915,0.158,0.226,2.93,0.785,2146,1101
75,3,10,high-degree,False,0.058,0.179,0.931,0.099,0.0,2.931,0.826,2165,1068
75,2,10,random,False,0.059,0.169,0.899,0.093,0.0,2.935,0.821,2176,1075
75,1,10,random,True,0.059,0.226,0.85,0.131,0.199,2.921,0.791,2173,1099
75,1,10,random,False,0.059,0.151,0.919,0.083,0.0,2.939,0.828,2187,1067
75,1,5,random,True,0.059,0.136,0.845,0.074,0.203,2.934,0.792,2137,1096
75,3,10,random,False,0.061,0.171,0.957,0.094,0.0,2.923,0.82,2198,1068
75,2,5,cluster,False,0.061,0.07,0.833,0.037,0.0,2.93,0.821,2144,1067
75,1,10,high-degree,True,0.062,0.256,0.894,0.149,0.199,2.924,0.794,2181,1100
75,3,5,high-degree,False,0.063,0.088,0.957,0.046,0.0,2.935,0.827,2158,1063
75,1,5,cluster,True,0.063,0.146,0.905,0.079,0.208,2.928,0.791,2170,1091
75,2,5,high-degree,False,0.064,0.095,0.98,0.05,0.0,2.922,0.821,2155,1059
75,1,10,cluster,True,0.067,0.227,0.862,0.131,0.198,2.908,0.79,2189,1099
75,3,5,cluster,False,0.067,0.072,0.947,0.038,0.0,2.924,0.819,2153,1057
75,1,5,high-degree,False,0.067,0.09,0.957,0.047,0.0,2.936,0.831,2156,1060
75,3,10,high-degree,True,0.067,0.27,0.905,0.159,0.198,2.928,0.789,2153,1092
75,1,10,cluster,False,0.069,0.153,0.909,0.084,0.0,2.932,0.822,2188,1070
75,2,5,random,False,0.073,0.084,0.894,0.044,0.0,2.926,0.824,2163,1062
75,3,10,cluster,False,0.073,0.158,0.912,0.087,0.0,2.93,0.823,2176,1066
75,3,5,random,False,0.076,0.086,0.935,0.045,0.0,2.953,0.829,2159,1059
75,2,10,cluster,False,0.08,0.161,0.966,0.088,0.0,2.929,0.821,2197,1066
75,2,10,high-degree,False,0.081,0.19,0.935,0.106,0.0,2.925,0.827,2197,1065
100,3,5,random,True,0.027,0.08,0.828,0.042,0.255,2.837,0.813,3241,1933
100,2,5,high-degree,True,0.028,0.076,0.883,0.04,0.242,2.827,0.811,3278,1922
100,1,5,high-degree,True,0.028,0.087,0.888,0.046,0.24,2.823,0.814,3250,1923
100,3,10,high-degree,True,0.029,0.148,0.88,0.081,0.244,2.833,0.81,3243,1910
100,1,5,high-degree,True,0.03,0.084,0.916,0.044,0.239,2.832,0.815,3320,1923
100,3,10,high-degree,True,0.031,0.148,0.874,0.081,0.241,2.813,0.812,3201,1902
100,2,5,high-degree,True,0.031,0.08,0.923,0.042,0.242,2.832,0.814,3266,1929
100,2,5,cluster,True,0.031,0.077,0.873,0.04,0.254,2.827,0.812,3238,1930
100,3,5,high-degree,True,0.031,0.082,0.949,0.043,0.24,2.828,0.819,3287,1921
100,3,10,cluster,True,0.031,0.136,0.876,0.074,0.242,2.826,0.813,3253,1929
100,2,10,high-degree,True,0.032,0.139,0.872,0.076,0.242,2.827,0.819,3298,1914
100,2,10,random,True,0.032,0.134,0.887,0.073,0.255,2.83,0.812,3257,1926
100,1,5,random,True,0.032,0.076,0.907,0.04,0.248,2.825,0.812,3252,1910
100,3,5,high-degree,True,0.033,0.079,0.855,0.041,0.237,2.835,0.813,3302,1917
100,3,10,random,True,0.034,0.24,0.786,0.141,0.591,2.815,0.698,3275,1972
100,1,5,random,True,0.034,0.08,0.889,0.042,0.261,2.815,0.805,3260,1928
100,2,5,cluster,True,0.034,0.064,0.851,0.033,0.236,2.823,0.818,3183,1918
100,3,5,cluster,True,0.036,0.074,0.904,0.038,0.247,2.828,0.813,3265,1898
100,1,10,cluster,True,0.036,0.146,0.884,0.08,0.246,2.813,0.808,3264,1928
100,2,10,high-degree,True,0.036,0.161,0.864,0.089,0.241,2.839,0.814,3280,1922
100,3,10,cluster,True,0.036,0.132,0.885,0.072,0.25,2.823,0.814,3241,1918
100,2,5,random,True,0.036,0.066,0.831,0.034,0.243,2.831,0.818,3248,1931
100,2,10,cluster,True,0.037,0.133,0.861,0.072,0.249,2.82,0.811,3214,1917
100,1,10,high-degree,True,0.037,0.147,0.89,0.08,0.24,2.823,0.811,3257,1916
100,1,10,random,True,0.037,0.133,0.892,0.072,0.238,2.831,0.816,3238,1901
100,1,5,cluster,True,0.037,0.078,0.946,0.041,0.253,2.815,0.806,3258,1921
100,1,10,cluster,True,0.038,0.129,0.889,0.07,0.241,2.827,0.812,3271,1922
100,1,10,random,True,0.038,0.15,0.91,0.082,0.25,2.818,0.807,3208,1927
100,3,10,random,True,0.038,0.152,0.899,0.083,0.25,2.823,0.815,3269,1919
100,3,5,high-degree,False,0.038,0.039,0.971,0.02,0.0,2.827,0.846,3229,1809
100,2,10,cluster,True,0.039,0.136,0.876,0.074,0.247,2.818,0.81,3248,1917
100,2,5,cluster,False,0.039,0.039,0.971,0.02,0.0,2.834,0.856,3171,1828
100,1,5,high-degree,False,0.041,0.033,0.935,0.017,0.0,2.847,0.86,3163,1809
100,3,5,random,True,0.041,0.07,0.851,0.037,0.251,2.825,0.816,3254,1927
100,1,5,cluster,True,0.041,0.077,0.862,0.04,0.241,2.824,0.817,3270,1911
100,1,5,cluster,False,0.042,0.043,1.0,0.022,0.0,2.849,0.858,3154,1812
100,3,10,cluster,False,0.042,0.067,0.923,0.035,0.0,2.835,0.861,3262,1816
100,1,10,high-degree,True,0.043,0.146,0.884,0.08,0.253,2.818,0.812,3233,1929
100,2,10,random,True,0.043,0.147,0.907,0.08,0.247,2.823,0.803,3264,1918
100,1,5,random,False,0.044,0.034,0.968,0.017,0.0,2.832,0.856,3257,1800
100,3,5,cluster,True,0.044,0.07,0.9,0.037,0.24,2.818,0.812,3214,1918
100,1,10,random,False,0.046,0.076,0.932,0.04,0.0,2.834,0.851,3207,1771
100,2,5,high-degree,False,0.046,0.044,0.929,0.023,0.0,2.826,0.86,3180,1799
100,2,5,random,True,0.047,0.08,0.935,0.042,0.244,2.818,0.807,3229,1901
100,1,10,high-degree,False,0.047,0.066,0.922,0.034,0.0,2.837,0.852,3226,1796
100,3,5,random,False,0.047,0.042,1.0,0.022,0.0,2.842,0.852,3265,1819
100,1,10,cluster,False,0.05,0.085,0.987,0.044,0.0,2.835,0.849,3227,1829
100,3,10,high-degree,False,0.051,0.078,0.959,0.041,0.0,2.828,0.854,3214,1815
100,2,5,random,False,0.051,0.044,0.929,0.023,0.0,2.843,0.86,3203,1808
100,2,10,cluster,False,0.052,0.076,0.919,0.04,0.0,2.838,0.859,3178,1793
100,3,10,random,False,0.053,0.084,0.974,0.044,0.0,2.845,0.858,3220,1810
100,2,10,high-degree,False,0.054,0.076,0.919,0.04,0.0,2.827,0.85,3206,1796
100,3,5,cluster,False,0.054,0.038,0.971,0.019,0.0,2.851,0.856,3229,1805
100,2,10,random,False,0.063,0.073,0.97,0.038,0.0,2.83,0.847,3205,1799
150,1,10,cluster,True,0.018,0.175,0.814,0.098,0.664,2.672,0.7,5704,4371
150,2,5,random,True,0.019,0.037,0.871,0.019,0.317,2.689,0.834,5619,4141
150,1,5,random,True,0.019,0.029,0.853,0.015,0.315,2.687,0.837,5531,4142
150,1,5,random,True,0.019,0.033,0.918,0.017,0.32,2.683,0.831,5592,4153
150,3,5,random,True,0.02,0.026,0.912,0.013,0.317,2.685,0.831,5693,4156
150,3,10,high-degree,True,0.02,0.067,0.885,0.035,0.316,2.683,0.834,5566,4103
150,1,5,cluster,True,0.02,0.032,0.855,0.017,0.314,2.686,0.832,5593,4106
150,3,10,high-degree,True,0.021,0.062,0.894,0.032,0.32,2.685,0.835,5535,4114
150,3,5,high-degree,True,0.022,0.035,0.921,0.018,0.314,2.689,0.836,5686,4137
150,2,5,high-degree,True,0.022,0.027,0.857,0.014,0.317,2.685,0.831,5589,4128
150,3,5,cluster,True,0.022,0.034,0.895,0.017,0.33,2.695,0.834,5618,4159
150,1,5,high-degree,True,0.022,0.036,0.88,0.019,0.317,2.683,0.834,5600,4127
150,2,10,high-degree,True,0.022,0.069,0.888,0.036,0.318,2.683,0.837,5583,4132
150,1,10,random,True,0.023,0.06,0.884,0.031,0.318,2.685,0.833,5544,4140
150,2,5,cluster,True,0.023,0.029,0.921,0.015,0.313,2.688,0.833,5571,4156
150,2,5,random,True,0.024,0.028,0.814,0.014,0.336,2.683,0.826,5604,4182
150,2,5,high-degree,True,0.024,0.033,0.93,0.017,0.316,2.688,0.832,5549,4121
150,3,5,high-degree,True,0.025,0.034,0.908,0.018,0.308,2.693,0.841,5574,4111
150,2,10,random,True,0.025,0.061,0.899,0.032,0.317,2.693,0.836,5587,4157
150,1,10,high-degree,True,0.025,0.067,0.901,0.035,0.316,2.682,0.832,5575,4130
150,1,10,high-degree,True,0.025,0.065,0.865,0.034,0.314,2.691,0.836,5611,4117
150,1,10,random,True,0.025,0.061,0.85,0.032,0.334,2.678,0.828,5662,4180
150,3,5,cluster,True,0.025,0.027,0.931,0.014,0.311,2.691,0.831,5720,4134
150,3,10,cluster,True,0.025,0.065,0.843,0.034,0.319,2.687,0.825,5739,4162
150,1,5,cluster,True,0.025,0.028,0.789,0.014,0.317,2.684,0.833,5537,4136
150,2,10,high-degree,True,0.025,0.07,0.883,0.036,0.314,2.685,0.829,5678,4126
150,3,5,random,True,0.026,0.037,0.902,0.019,0.323,2.683,0.829,5531,4171
150,2,10,cluster,True,0.026,0.062,0.906,0.032,0.326,2.692,0.834,5599,4137
150,1,5,high-degree,True,0.026,0.032,0.842,0.016,0.312,2.685,0.832,5585,4132
150,3,10,cluster,True,0.026,0.06,0.872,0.031,0.312,2.683,0.834,5558,4116
150,3,10,random,True,0.027,0.067,0.944,0.035,0.311,2.682,0.832,5667,4159
150,2,5,cluster,True,0.027,0.038,0.864,0.019,0.317,2.692,0.835,5595,4151
150,2,10,random,True,0.027,0.063,0.871,0.033,0.321,2.679,0.83,5537,4114
150,1,10,high-degree,False,0.029,0.027,0.898,0.013,0.0,2.701,0.888,5565,3662
150,2,10,cluster,True,0.03,0.061,0.932,0.031,0.32,2.68,0.832,5506,4139
150,3,5,high-degree,False,0.031,0.013,0.897,0.007,0.0,2.707,0.891,5512,3653
150,3,10,random,True,0.031,0.062,0.857,0.032,0.323,2.691,0.835,5516,4143
150,1,10,cluster,True,0.032,0.062,0.852,0.032,0.327,2.694,0.832,5623,4173
150,1,5,cluster,False,0.032,0.012,0.885,0.006,0.0,2.709,0.883,5506,3638
150,1,5,random,False,0.032,0.009,1.0,0.005,0.0,2.708,0.885,5541,3635
150,1,10,cluster,False,0.033,0.026,0.895,0.013,0.0,2.699,0.885,5479,3609
150,1,10,random,False,0.034,0.018,0.875,0.009,0.0,2.695,0.887,5601,3631
150,3,5,cluster,False,0.034,0.012,1.0,0.006,0.0,2.707,0.887,5574,3645
150,3,10,cluster,False,0.035,0.025,0.942,0.012,0.0,2.707,0.884,5544,3647
150,2,10,high-degree,False,0.035,0.026,0.897,0.013,0.0,2.708,0.885,5559,3654
150,1,5,high-degree,False,0.036,0.012,1.0,0.006,0.0,2.706,0.885,5669,3648
150,2,10,cluster,False,0.038,0.019,0.925,0.009,0.0,2.698,0.881,5625,3688
150,3,5,random,False,0.039,0.014,1.0,0.007,0.0,2.71,0.885,5564,3649
150,2,5,random,False,0.039,0.009,1.0,0.005,0.0,2.707,0.884,5645,3610
150,3,10,random,False,0.04,0.025,0.98,0.012,0.0,2.707,0.884,5514,3617
150,2,5,cluster,False,0.041,0.011,1.0,0.005,0.0,2.709,0.89,5618,3697
150,3,10,high-degree,False,0.041,0.023,0.979,0.012,0.0,2.699,0.883,5579,3641
150,2,5,high-degree,False,0.041,0.014,1.0,0.007,0.0,2.709,0.885,5638,3636
150,2,10,random,False,0.044,0.025,0.962,0.013,0.0,2.694,0.884,5554,3617
200,3,5,random,True,0.013,0.013,0.87,0.007,0.378,2.615,0.846,7913,7015
200,2,5,high-degree,True,0.014,0.013,0.885,0.007,0.376,2.625,0.85,7859,7049
200,3,5,high-degree,True,0.014,0.014,0.925,0.007,0.377,2.625,0.852,7772,7033
200,2,5,high-degree,True,0.014,0.017,0.924,0.009,0.374,2.621,0.849,7829,6990
200,3,5,random,True,0.015,0.017,0.861,0.009,0.384,2.617,0.844,7862,7036
200,2,5,random,True,0.015,0.015,0.898,0.007,0.381,2.613,0.847,7806,7050
200,3,10,random,True,0.016,0.042,0.874,0.021,0.389,2.618,0.845,7844,7080
200,1,10,random,True,0.016,0.033,0.881,0.017,0.382,2.614,0.839,7918,7076
200,1,5,random,True,0.016,0.02,0.886,0.01,0.378,2.623,0.848,7876,6992
200,2,10,random,True,0.016,0.033,0.857,0.017,0.411,2.624,0.843,7842,7131
200,2,10,high-degree,True,0.016,0.03,0.877,0.015,0.379,2.618,0.848,7901,7040
200,1,5,high-degree,True,0.016,0.014,0.911,0.007,0.381,2.62,0.847,7911,7031
200,3,5,high-degree,True,0.016,0.015,0.981,0.007,0.383,2.621,0.848,7843,7079
200,1,5,cluster,True,0.016,0.017,0.894,0.008,0.371,2.624,0.848,7965,6986
200,1,5,cluster,True,0.016,0.018,0.829,0.009,0.379,2.624,0.848,7787,7005
200,2,5,random,True,0.017,0.01,0.822,0.005,0.381,2.62,0.847,7811,7024
200,2,10,cluster,True,0.017,0.034,0.861,0.018,0.371,2.622,0.849,7838,6993
200,3,10,random,True,0.017,0.036,0.884,0.018,0.381,2.624,0.852,7857,7044
200,2,5,cluster,True,0.017,0.015,0.898,0.007,0.379,2.619,0.848,7835,7066
200,1,5,high-degree,True,0.017,0.016,0.95,0.008,0.382,2.622,0.848,7851,7089
200,1,10,random,True,0.017,0.038,0.878,0.019,0.383,2.623,0.847,7923,7059
200,2,10,random,True,0.017,0.027,0.891,0.014,0.374,2.618,0.85,7836,7045
200,1,10,cluster,True,0.017,0.038,0.856,0.019,0.392,2.621,0.849,7876,7067
200,3,10,high-degree,True,0.018,0.033,0.967,0.017,0.389,2.622,0.842,7915,7072
200,3,5,cluster,True,0.018,0.014,0.879,0.007,0.389,2.624,0.847,7947,7053
200,2,5,cluster,True,0.018,0.015,0.794,0.008,0.404,2.619,0.842,7956,7133
200,3,5,cluster,True,0.018,0.017,0.899,0.009,0.375,2.628,0.85,7784,6999
200,1,10,high-degree,True,0.018,0.031,0.902,0.016,0.383,2.622,0.847,7898,7037
200,1,10,high-degree,True,0.019,0.032,0.913,0.016,0.385,2.621,0.847,7911,7035
200,3,10,high-degree,True,0.019,0.029,0.897,0.015,0.378,2.618,0.849,7847,6996
200,1,10,cluster,True,0.02,0.031,0.917,0.016,0.378,2.621,0.851,7812,7037
200,2,10,high-degree,True,0.02,0.029,0.912,0.015,0.379,2.618,0.845,7933,7047
200,2,10,cluster,True,0.02,0.035,0.941,0.018,0.383,2.621,0.846,7797,7039
200,1,5,random,True,0.02,0.017,0.816,0.009,0.381,2.619,0.844,7787,7002
200,3,10,cluster,True,0.02,0.028,0.849,0.014,0.377,2.619,0.844,7825,6989
200,3,10,cluster,True,0.021,0.031,0.873,0.016,0.38,2.622,0.849,7843,7033
200,2,5,random,False,0.022,0.004,0.75,0.002,0.0,2.63,0.902,7792,5741
200,3,10,high-degree,False,0.023,0.01,1.0,0.005,0.0,2.63,0.901,7908,5675
200,3,5,high-degree,False,0.024,0.005,0.905,0.003,0.0,2.634,0.903,7860,5707
200,1,5,cluster,False,0.025,0.004,1.0,0.002,0.0,2.634,0.9,7942,5738
200,3,5,cluster,False,0.026,0.004,0.933,0.002,0.0,2.626,0.904,7820,5718
200,1,10,high-degree,False,0.026,0.012,0.976,0.006,0.0,2.633,0.901,7982,5761
200,2,5,high-degree,False,0.026,0.003,1.0,0.002,0.0,2.638,0.903,7842,5758
200,2,10,cluster,False,0.027,0.012,0.936,0.006,0.0,2.624,0.902,7840,5753
200,1,10,cluster,False,0.028,0.01,0.973,0.005,0.0,2.635,0.904,7866,5742
200,2,5,cluster,False,0.028,0.007,0.923,0.003,0.0,2.633,0.902,7979,5720
200,1,5,random,False,0.028,0.003,0.909,0.001,0.0,2.63,0.907,7792,5721
200,3,10,random,False,0.029,0.01,1.0,0.005,0.0,2.635,0.903,7874,5648
200,3,5,random,False,0.029,0.004,1.0,0.002,0.0,2.636,0.908,7834,5777
200,3,10,cluster,False,0.029,0.009,0.971,0.005,0.0,2.637,0.902,7976,5697
200,2,10,high-degree,False,0.029,0.012,0.976,0.006,0.0,2.632,0.902,7828,5779
200,1,5,high-degree,False,0.03,0.005,0.857,0.003,0.0,2.63,0.902,7878,5718
200,2,10,random,False,0.03,0.01,0.947,0.005,0.0,2.632,0.904,7762,5699
200,1,10,random,False,0.034,0.011,0.951,0.006,0.0,2.63,0.902,7943,5749
300,1,10,high-degree,True,0.01,0.012,0.934,0.006,0.463,2.584,0.862,12705,14791
300,2,5,cluster,True,0.01,0.01,0.879,0.005,0.461,2.583,0.861,12810,14732
300,2,5,high-degree,True,0.01,0.005,0.974,0.002,0.464,2.582,0.858,12641,14763
300,1,5,cluster,True,0.011,0.008,0.886,0.004,0.47,2.585,0.858,12740,14824
300,3,10,high-degree,True,0.011,0.013,0.851,0.006,0.472,2.584,0.856,12674,14927
300,3,10,random,True,0.011,0.013,0.922,0.007,0.462,2.585,0.864,12774,14824
300,3,10,high-degree,True,0.011,0.013,0.932,0.007,0.465,2.582,0.86,12723,14779
300,2,10,random,True,0.011,0.014,0.926,0.007,0.468,2.583,0.859,12770,14840
300,3,5,random,True,0.011,0.005,0.956,0.003,0.462,2.587,0.861,12741,14706
300,1,10,cluster,True,0.012,0.014,0.871,0.007,0.467,2.585,0.86,12717,14746
300,3,5,cluster,True,0.012,0.008,0.892,0.004,0.471,2.583,0.859,12693,14784
300,1,10,cluster,True,0.012,0.013,0.927,0.006,0.466,2.583,0.859,12686,14796
300,3,5,high-degree,True,0.012,0.004,0.944,0.002,0.469,2.586,0.861,12724,14846
300,2,10,cluster,True,0.012,0.012,0.907,0.006,0.466,2.582,0.859,12687,14741
300,2,10,high-degree,True,0.012,0.013,0.908,0.007,0.462,2.584,0.862,12731,14807
300,3,5,high-degree,True,0.012,0.005,0.875,0.003,0.465,2.582,0.86,12707,14803
300,2,10,random,True,0.012,0.012,0.93,0.006,0.467,2.582,0.86,12688,14813
300,1,5,random,True,0.012,0.006,0.925,0.003,0.472,2.586,0.86,12705,14898
300,2,5,random,True,0.012,0.007,0.981,0.003,0.467,2.581,0.859,12665,14816
300,3,10,random,True,0.012,0.014,0.85,0.007,0.471,2.581,0.856,12712,14790
300,1,5,cluster,True,0.012,0.006,0.85,0.003,0.462,2.584,0.865,12681,14804
300,1,5,high-degree,True,0.012,0.006,0.92,0.003,0.47,2.584,0.857,12652,14780
300,3,5,cluster,True,0.013,0.005,0.925,0.002,0.479,2.581,0.854,12736,14901
300,3,10,cluster,True,0.013,0.01,0.848,0.005,0.467,2.584,0.859,12703,14781
300,2,5,high-degree,True,0.013,0.005,0.915,0.003,0.463,2.58,0.859,12793,14792
300,1,5,random,True,0.013,0.009,0.882,0.005,0.464,2.582,0.86,12763,14825
300,2,10,high-degree,True,0.013,0.012,0.893,0.006,0.467,2.585,0.862,12725,14773
300,2,5,cluster,True,0.013,0.006,0.962,0.003,0.47,2.584,0.86,12722,14914
300,3,10,cluster,True,0.013,0.01,0.857,0.005,0.467,2.585,0.86,12608,14804
300,2,10,cluster,True,0.013,0.01,0.923,0.005,0.469,2.587,0.86,12734,14820
300,1,10,high-degree,True,0.013,0.013,0.922,0.007,0.471,2.582,0.858,12705,14862
300,2,5,random,True,0.013,0.007,0.949,0.003,0.465,2.589,0.862,12753,14869
300,1,5,high-degree,True,0.014,0.003,0.71,0.001,0.465,2.582,0.86,12625,14753
300,1,10,random,True,0.014,0.012,0.884,0.006,0.468,2.58,0.858,12716,14810
300,1,10,random,True,0.014,0.013,0.856,0.006,0.462,2.583,0.858,12714,14770
300,3,5,random,True,0.015,0.008,0.943,0.004,0.462,2.585,0.862,12723,14770
300,3,5,random,False,0.016,0.0,0.8,0.0,0.0,2.597,0.924,12713,10559
300,2,10,cluster,False,0.017,0.004,0.895,0.002,0.0,2.599,0.926,12791,10550
300,1,5,random,False,0.018,0.001,0.846,0.001,0.0,2.59,0.925,12632,10608
300,2,5,high-degree,False,0.018,0.001,1.0,0.001,0.0,2.601,0.924,12850,10544
300,2,5,cluster,False,0.018,0.001,0.9,0.001,0.0,2.6,0.925,12791,10537
300,1,5,cluster,False,0.018,0.002,1.0,0.001,0.0,2.6,0.927,12789,10646
300,3,10,high-degree,False,0.018,0.003,0.957,0.001,0.0,2.599,0.924,12803,10690
300,3,5,high-degree,False,0.019,0.001,1.0,0.001,0.0,2.596,0.922,12650,10497
300,1,5,high-degree,False,0.019,0.001,0.9,0.001,0.0,2.595,0.924,12838,10647
300,2,5,random,False,0.02,0.002,0.8,0.001,0.0,2.598,0.925,12895,10586
300,3,5,cluster,False,0.02,0.002,0.875,0.001,0.0,2.594,0.921,12893,10546
300,3,10,cluster,False,0.02,0.003,0.913,0.001,0.0,2.594,0.925,12765,10547
300,2,10,high-degree,False,0.02,0.003,0.957,0.001,0.0,2.598,0.924,12874,10529
300,1,10,cluster,False,0.022,0.002,0.864,0.001,0.0,2.598,0.923,12779,10492
300,1,10,high-degree,False,0.022,0.002,0.952,0.001,0.0,2.601,0.927,12719,10623
300,3,10,random,False,0.023,0.002,0.833,0.001,0.0,2.6,0.923,12818,10613
300,2,10,random,False,0.023,0.003,0.885,0.001,0.0,2.596,0.92,12721,10532
300,1,10,random,False,0.027,0.003,0.963,0.002,0.0,2.596,0.924,12784,10578
400,2,5,random,True,0.008,0.004,0.951,0.002,0.532,2.582,0.865,17412,24921
400,2,10,cluster,True,0.009,0.007,0.922,0.003,0.536,2.583,0.867,17145,25006
400,1,10,cluster,True,0.009,0.007,0.906,0.003,0.532,2.579,0.866,17414,24985
400,1,10,high-degree,True,0.009,0.004,0.91,0.002,0.534,2.582,0.869,17102,24855
400,3,10,cluster,True,0.009,0.006,0.935,0.003,0.538,2.579,0.864,17233,25017
400,1,10,cluster,True,0.009,0.007,0.941,0.003,0.536,2.579,0.866,17193,24928
400,1,10,high-degree,True,0.009,0.005,0.96,0.003,0.536,2.58,0.865,17153,24940
400,3,5,random,True,0.009,0.004,0.968,0.002,0.539,2.578,0.861,17445,25064
400,3,10,high-degree,True,0.009,0.005,0.875,0.003,0.532,2.583,0.868,17459,25026
400,2,10,random,True,0.009,0.008,0.881,0.004,0.536,2.58,0.865,17259,24973
400,1,5,random,True,0.009,0.003,0.958,0.002,0.535,2.581,0.867,17229,24972
400,3,10,cluster,True,0.009,0.007,0.899,0.004,0.539,2.581,0.865,17288,24993
400,1,5,cluster,True,0.009,0.004,0.848,0.002,0.536,2.579,0.864,17244,25047
400,2,10,cluster,True,0.009,0.006,0.918,0.003,0.531,2.579,0.866,17321,24931
400,2,5,cluster,True,0.009,0.005,0.956,0.002,0.538,2.581,0.866,17085,24978
400,1,5,cluster,True,0.009,0.004,0.886,0.002,0.535,2.578,0.866,17195,24983
400,2,5,cluster,True,0.009,0.003,0.9,0.001,0.533,2.583,0.868,17320,24962
400,3,5,cluster,True,0.009,0.004,0.918,0.002,0.541,2.579,0.864,17147,25024
400,3,5,random,True,0.009,0.002,1.0,0.001,0.534,2.581,0.865,17520,24970
400,1,10,random,True,0.009,0.008,0.944,0.004,0.534,2.58,0.866,17353,25063
400,2,5,random,True,0.01,0.004,0.875,0.002,0.536,2.582,0.865,17302,24997
400,3,10,random,True,0.01,0.006,0.905,0.003,0.537,2.58,0.864,17326,25014
400,3,10,random,True,0.01,0.007,0.893,0.004,0.536,2.581,0.867,17344,25014
400,3,5,high-degree,True,0.01,0.003,0.889,0.001,0.548,2.581,0.861,17282,25198
400,1,5,high-degree,True,0.01,0.003,0.929,0.001,0.55,2.58,0.862,17433,25499
400,2,10,high-degree,True,0.01,0.006,0.878,0.003,0.538,2.582,0.866,17327,25022
400,1,5,random,True,0.01,0.004,0.983,0.002,0.534,2.582,0.868,17244,24954
400,3,10,high-degree,True,0.01,0.005,0.885,0.003,0.536,2.581,0.866,17200,24900
400,2,10,random,True,0.01,0.006,0.927,0.003,0.54,2.577,0.862,17261,25088
400,2,5,high-degree,True,0.01,0.003,0.93,0.001,0.537,2.582,0.866,17219,25030
400,3,5,high-degree,True,0.01,0.002,0.923,0.001,0.533,2.582,0.866,17240,24813
400,2,5,high-degree,True,0.01,0.003,0.911,0.001,0.541,2.579,0.864,17334,25228
400,2,10,high-degree,True,0.01,0.005,0.91,0.002,0.538,2.582,0.866,17277,24986
400,1,5,high-degree,True,0.01,0.002,0.97,0.001,0.53,2.583,0.864,17278,24830
400,3,5,cluster,True,0.011,0.003,0.917,0.002,0.536,2.58,0.867,17355,25034
400,1,10,random,True,0.012,0.007,0.916,0.003,0.535,2.579,0.863,17349,24969
400,3,5,random,False,0.012,0.0,1.0,0.0,0.0,2.597,0.939,17244,15742
400,3,5,cluster,False,0.014,0.001,1.0,0.0,0.0,2.597,0.938,17210,15671
400,1,5,high-degree,False,0.014,0.0,1.0,0.0,0.0,2.601,0.938,17413,15700
400,1,10,high-degree,False,0.015,0.002,0.923,0.001,0.0,2.597,0.936,17354,15698
400,1,5,random,False,0.015,0.001,0.929,0.0,0.0,2.602,0.936,17461,15699
400,3,5,high-degree,False,0.015,0.0,0.778,0.0,0.0,2.594,0.938,17305,15657
400,2,5,cluster,False,0.016,0.001,0.857,0.0,0.0,2.602,0.936,17519,15803
400,2,10,random,False,0.016,0.002,0.885,0.001,0.0,2.596,0.935,17328,15668
400,2,5,high-degree,False,0.017,0.001,1.0,0.0,0.0,2.6,0.94,17373,15703
400,2,10,high-degree,False,0.017,0.002,0.88,0.001,0.0,2.599,0.936,17224,15720
400,2,10,cluster,False,0.018,0.002,1.0,0.001,0.0,2.6,0.939,17304,15787
400,3,10,high-degree,False,0.018,0.001,0.909,0.001,0.0,2.596,0.937,17440,15779
400,1,5,cluster,False,0.018,0.001,0.875,0.0,0.0,2.598,0.938,17252,15736
400,3,10,cluster,False,0.018,0.001,1.0,0.001,0.0,2.596,0.937,17243,15805
400,1,10,cluster,False,0.019,0.001,1.0,0.001,0.0,2.596,0.937,17238,15626
400,3,10,random,False,0.019,0.001,0.875,0.001,0.0,2.596,0.934,17271,15681
400,2,5,random,False,0.019,0.001,0.917,0.0,0.0,2.596,0.935,17191,15672
400,1,10,random,False,0.02,0.002,0.931,0.001,0.0,2.598,0.939,17357,15798
